player,position,team,season,cap_hit,age,total_cap,percent_cap_hit,type,shoots_catches,skater_stats_power_play_goals,skater_stats_power_play_assists,skater_stats_short_handed_goals,skater_stats_short_handed_assists,plusMinus,games_played,diff_all_corsi_percentage,diff_5on5_corsi_percentage,diff_4on5_corsi_percentage,diff_5on4_corsi_percentage,diff_all_shots_on_goal,diff_all_goals,diff_all_high_danger_shots,diff_all_high_danger_goals,diff_5on5_shots_on_goal,diff_5on5_goals,diff_5on5_high_danger_shots,diff_5on5_high_danger_goals,diff_4on5_goals,diff_5on4_shots_on_goal,diff_5on4_goals,all_icetime,x5on5_icetime,x4on5_icetime,x5on4_icetime,all_i_f_shots_on_goal,x5on5_i_f_shots_on_goal,x4on5_i_f_shots_on_goal,x5on4_i_f_shots_on_goal,all_i_f_goals,x5on5_i_f_goals,x4on5_i_f_goals,x5on4_i_f_goals,all_i_f_hits,x5on5_i_f_hits,x4on5_i_f_hits,x5on4_i_f_hits,all_i_f_takeaways,x5on5_i_f_takeaways,x4on5_i_f_takeaways,x5on4_i_f_takeaways,all_i_f_giveaways,x5on5_i_f_giveaways,x4on5_i_f_giveaways,x5on4_i_f_giveaways,all_i_f_high_danger_shots,x5on5_i_f_high_danger_shots,x4on5_i_f_high_danger_shots,x5on4_i_f_high_danger_shots,all_i_f_high_danger_goals,x5on5_i_f_high_danger_goals,x4on5_i_f_high_danger_goals,x5on4_i_f_high_danger_goals,all_faceoffs_won,x5on5_faceoffs_won,x4on5_faceoffs_won,x5on4_faceoffs_won,all_faceoffs_lost,x5on5_faceoffs_lost,x4on5_faceoffs_lost,x5on4_faceoffs_lost,all_shots_blocked_by_player,x5on5_shots_blocked_by_player,x4on5_shots_blocked_by_player,x5on4_shots_blocked_by_player,all_assists,x5on5_assists,x4on5_assists,x5on4_assists,all_diff_penalty_minutes,x5on5_diff_penalty_minutes,x4on5_diff_penalty_minutes,x5on4_diff_penalty_minutes,covid
Adam Henrique,F,N.J,2013-14,4000000,23,64300000,0.062208,Standard (1-way),L,7,5,3,2,3,77,-0.010000000000000009,-0.020000000000000018,0.04000000000000001,0.020000000000000018,24,8,21,5,5,-2,10,-1,-4,96,16,83411,61299,9635,9326,137,93,14,24,25,15,3,7,73,65,3,2,50,36,10,2,30,21,0,7,22,13,2,6,11,6,1,4,407,275,43,61,511,352,75,51,50,35,0,8,18,8,2,5,24,24,2,-2,pre-covid
Adam Larsson,D,N.J,2013-14,925000,21,64300000,0.014386,Entry_Level,R,0,0,0,0,-1,26,0.010000000000000009,0.030000000000000027,0.04000000000000001,-0.20999999999999996,20,-1,3,2,36,-3,4,1,1,1,0,27744,25204,1397,708,20,19,0,0,1,1,0,0,41,39,2,0,4,4,0,0,10,10,0,0,0,0,0,0,0,0,0,0,0,0,0,0,0,0,0,0,37,29,1,2,2,2,0,0,-6,-6,-2,0,pre-covid
Alec Martinez,D,L.A,2013-14,1100000,26,64300000,0.017107,Standard (1-way),L,5,8,0,0,18,61,0.06999999999999995,-0.009999999999999898,0.11,0.020000000000000018,183,23,27,4,78,14,7,0,-3,101,8,57371,47843,1487,7189,79,48,2,25,11,8,0,3,96,83,8,5,5,3,0,2,27,24,1,2,11,5,0,6,3,1,0,2,0,0,0,0,0,0,0,0,75,66,1,6,11,6,0,5,-4,-2,0,0,pre-covid
Aleksander Barkov,F,FLA,2013-14,925000,18,64300000,0.014386,Entry_Level,L,3,3,0,0,-3,54,0.08999999999999997,0.010000000000000009,0.010000000000000009,0.030000000000000027,107,6,26,4,18,-2,14,1,0,88,8,55329,44065,413,8111,87,66,0,11,8,4,0,3,16,14,0,1,30,25,0,2,17,12,0,4,6,4,0,2,2,1,0,1,400,300,4,65,419,331,27,5,27,26,0,0,16,13,0,3,2,4,-2,0,pre-covid
Alex Chiasson,F,DAL,2013-14,866667,23,64300000,0.013478,Entry_Level,R,7,8,0,0,-28,79,0.09999999999999998,-0.010000000000000009,0,0.050000000000000044,169,-1,29,10,-39,-17,1,-1,-8,215,24,71641,51711,2570,15117,144,79,2,54,13,6,0,6,76,71,0,4,27,22,1,3,26,21,0,4,26,12,0,9,10,5,0,4,64,30,3,29,68,34,14,0,21,19,0,1,22,14,0,7,-8,-11,0,3,pre-covid
Alex Galchenyuk,F,MTL,2013-14,925000,19,64300000,0.014386,Entry_Level,L,4,7,0,0,-12,65,0.08000000000000002,0,-0.18,0,42,1,28,11,-41,-13,3,1,0,80,8,56141,47173,88,7655,110,82,0,22,13,8,0,2,49,46,0,2,30,26,0,3,23,18,0,5,20,5,0,7,5,1,0,1,5,4,0,0,10,8,0,0,25,25,0,0,18,10,0,5,6,4,0,-2,pre-covid
Alex Goligoski,D,DAL,2013-14,4600000,28,64300000,0.07154,Standard (1-way),L,3,14,0,0,16,81,0.020000000000000018,0.010000000000000009,-0.01999999999999999,0.06000000000000005,124,13,-5,4,55,9,-5,0,-14,215,21,118163,85923,11236,15308,141,81,4,44,6,3,0,3,94,79,11,2,18,12,1,1,88,61,10,16,4,0,0,2,2,0,0,2,0,0,0,0,1,1,0,0,154,103,7,32,36,20,0,11,-2,0,0,0,pre-covid
Alex Killorn,F,T.B,2013-14,875000,24,64300000,0.013608,Entry_Level,L,3,5,0,0,6,82,0.06000000000000005,0.010000000000000009,0.009999999999999995,0.010000000000000009,128,22,9,13,40,9,-8,3,0,91,11,82552,69957,741,9206,174,138,0,23,17,11,0,2,77,74,0,2,32,28,0,2,43,33,1,6,14,7,0,1,8,4,0,1,74,52,0,16,98,75,4,4,31,27,1,0,24,18,0,5,-9,-2,0,-7,pre-covid
Alex Ovechkin,F,WSH,2013-14,9538462,28,64300000,0.148343,Standard (1-way),R,24,15,0,1,-35,78,0.19999999999999996,0.020000000000000018,-0.08,0.20000000000000007,308,27,19,17,-74,-27,-17,-11,0,337,51,96152,69861,45,22392,386,225,0,130,51,21,0,22,204,183,0,13,32,27,0,4,48,30,0,15,23,9,0,12,15,3,0,10,2,1,1,0,1,1,0,0,22,20,0,0,28,9,0,15,0,8,0,-12,pre-covid
Alex Petrovic,D,FLA,2013-14,795000,21,64300000,0.012364,Entry_Level,R,0,0,0,0,3,7,-0.06,-0.02999999999999997,-0.05,0,-18,3,-1,0,-16,2,0,0,0,0,0,5139,4873,242,0,4,4,0,0,0,0,0,0,24,24,0,0,0,0,0,0,0,0,0,0,0,0,0,0,0,0,0,0,0,0,0,0,0,0,0,0,5,5,0,0,1,0,0,0,-4,-4,0,0,pre-covid
Alex Pietrangelo,D,STL,2013-14,6500000,23,64300000,0.101089,Standard (1-way),R,2,17,0,1,21,81,0,0.030000000000000027,-0.06000000000000001,-0.040000000000000036,54,24,3,5,111,21,11,5,-17,118,20,123245,89239,15405,12675,164,114,4,33,8,5,0,2,24,20,4,0,37,30,3,1,34,26,5,2,9,2,0,5,4,1,0,2,0,0,0,0,0,0,0,0,164,100,6,42,43,23,1,14,-2,2,0,-2,pre-covid
Alexander Edler,D,VAN,2013-14,5000000,27,64300000,0.07776,Standard (1-way),L,4,8,0,0,-39,63,0.040000000000000036,-0.010000000000000009,0.06,0.020000000000000018,103,-36,1,-15,10,-24,-3,-8,-14,152,15,88023,66020,7768,10203,178,119,4,37,7,3,0,4,112,97,9,2,28,21,2,1,34,24,5,5,4,1,0,3,2,0,0,2,2,1,0,1,1,0,1,0,136,107,1,19,15,6,0,8,-22,-18,-6,-4,pre-covid
Anders Lee,F,NYI,2013-14,900000,23,64300000,0.013997,Entry_Level,L,2,0,0,0,3,22,0.14999999999999997,0.06000000000000005,-0.19,-0.010000000000000009,83,8,18,5,30,3,11,3,0,37,3,20754,16792,14,3364,68,50,0,14,9,6,0,2,48,43,0,4,9,9,0,0,8,6,0,2,10,8,0,1,4,3,0,1,1,0,1,0,5,4,0,1,2,2,0,0,5,4,0,0,-8,-10,0,0,pre-covid
Andrej Sekera,D,CAR,2013-14,2750000,27,64300000,0.042768,Standard (1-way),L,4,11,1,0,4,74,0.010000000000000009,0.010000000000000009,-0.09,0.010000000000000009,-24,-2,6,-4,-27,1,-1,-2,-15,149,12,105132,78677,10740,11282,142,93,3,38,11,5,1,4,54,42,4,1,68,49,11,4,38,30,4,2,3,0,1,2,2,0,0,2,0,0,0,0,0,0,0,0,127,99,0,16,33,18,0,9,-2,-4,0,6,pre-covid
Andrej Sustr,D,T.B,2013-14,925000,23,64300000,0.014386,Entry_Level,R,0,0,0,2,0,43,-0.020000000000000018,-0.020000000000000018,0.009999999999999995,-0.10999999999999999,-37,-1,-5,-4,-9,-3,-6,-5,-1,2,0,40747,36634,3069,202,39,39,0,0,1,1,0,0,26,21,3,0,4,4,0,0,22,21,1,0,1,1,0,0,1,1,0,0,0,0,0,0,0,0,0,0,36,32,0,0,7,3,2,0,-12,-14,0,0,pre-covid
Andrew Cogliano,F,ANA,2013-14,2390000,26,64300000,0.03717,Standard (1-way),L,0,0,4,2,11,82,-0.07,-0.030000000000000027,0.07,-0.09999999999999998,-84,-5,-7,-4,-23,0,-3,-2,-12,3,-1,75734,63609,7361,909,158,129,12,2,22,15,3,0,94,86,5,0,22,17,3,0,31,27,2,0,14,8,0,0,8,4,0,0,11,4,3,0,16,6,0,5,36,27,0,4,20,16,1,0,12,10,-6,2,pre-covid
Andrew Ladd,F,WPG,2013-14,4400000,28,64300000,0.068429,Standard (1-way),L,4,8,0,2,8,78,0.07000000000000006,0.050000000000000044,-0.01999999999999999,-0.020000000000000018,124,14,27,18,55,6,16,4,-15,134,18,92317,66821,9500,11906,189,141,7,27,23,17,0,4,154,121,11,6,37,23,7,1,44,30,4,6,26,18,2,3,9,6,0,2,24,16,2,4,38,26,6,4,42,28,0,13,31,19,2,7,-2,-6,4,2,pre-covid
Andrew Shaw,F,CHI,2013-14,573333,22,64300000,0.008917,Entry_Level,R,6,4,0,0,17,80,0.10999999999999999,0.019999999999999907,0.009999999999999995,-0.050000000000000044,296,37,33,21,120,16,15,8,-3,156,24,75314,60065,1116,12287,149,119,0,21,20,14,0,5,168,161,0,6,25,22,0,2,18,17,0,0,22,15,0,5,8,5,0,3,296,270,3,11,388,347,3,4,16,16,0,0,19,14,0,4,-7,4,0,-15,pre-covid
Andy Greene,D,N.J,2013-14,3000000,31,64300000,0.046656,Standard (1-way),L,3,10,0,2,3,82,-0.010000000000000009,0.030000000000000027,0.03,0.050000000000000044,79,-2,10,6,126,-5,16,5,-16,127,16,120925,88804,16964,11032,134,91,4,30,8,3,0,3,87,73,9,1,46,27,13,2,52,36,11,4,3,0,0,2,1,0,0,1,0,0,0,0,0,0,0,0,129,80,5,33,24,10,1,10,-6,-10,2,-2,pre-covid
Antoine Roussel,F,DAL,2013-14,612500,24,64300000,0.009526,Entry_Level,L,0,0,0,2,2,81,-0.06,0.020000000000000018,-0.09000000000000001,-0.18999999999999995,-84,-16,-23,-6,38,-2,1,0,-13,2,0,64799,54630,7923,741,114,107,3,2,14,13,0,0,146,140,4,0,24,18,5,1,24,20,3,1,16,13,1,0,5,4,0,0,19,16,3,0,25,19,0,4,49,35,0,4,15,13,2,0,-31,-26,-15,8,pre-covid
Anton Stralman,D,NYR,2013-14,1700000,27,64300000,0.026439,Standard (1-way),R,0,0,0,0,13,81,0.010000000000000009,0.05999999999999994,0.03,0.040000000000000036,109,-1,0,-3,178,6,11,1,-7,21,1,94259,81723,7543,1389,104,90,1,5,1,1,0,0,75,67,5,0,29,23,6,0,49,43,2,0,1,0,0,1,0,0,0,0,0,0,0,0,0,0,0,0,64,51,0,6,12,12,0,0,-4,-8,2,2,pre-covid
Anze Kopitar,F,L.A,2013-14,6800000,26,64300000,0.105754,Standard (1-way),L,11,19,0,0,43,82,0.07999999999999996,0.05999999999999994,-0.01999999999999999,0.020000000000000018,363,40,40,14,235,31,27,9,-23,220,23,102765,71958,9168,15976,200,141,5,35,29,18,0,7,90,75,5,5,52,38,5,3,41,24,3,12,30,15,0,9,11,6,0,3,773,523,67,113,678,456,81,79,44,28,1,9,41,21,0,12,22,16,0,2,pre-covid
Ben Chiarot,D,WPG,2013-14,618333,22,64300000,0.009616,Entry_Level,L,0,0,0,0,-3,1,-0.22000000000000003,-0.24999999999999994,0,0,-5,-3,-1,-1,-5,-3,-1,-1,0,0,0,647,647,0,0,0,0,0,0,0,0,0,0,3,3,0,0,1,1,0,0,0,0,0,0,0,0,0,0,0,0,0,0,0,0,0,0,0,0,0,0,0,0,0,0,0,0,0,0,0,0,0,0,pre-covid
Blake Comeau,F,CBJ,2013-14,1000000,27,64300000,0.015552,Standard (1-way),R,0,0,0,0,-4,61,0.030000000000000027,0.050000000000000044,0.06,-0.08000000000000007,4,-4,-3,-1,17,-2,-2,0,-2,2,0,44141,41830,1479,454,107,104,1,1,5,5,0,0,197,192,3,0,22,21,0,0,16,15,0,0,3,2,0,0,1,1,0,0,10,9,0,1,7,5,0,0,16,16,0,0,11,11,0,0,-4,-9,0,5,pre-covid
Blake Wheeler,F,WPG,2013-14,5600000,27,64300000,0.087092,Standard (1-way),R,8,11,0,0,4,82,0.07000000000000006,0,0.06,0.020000000000000018,170,22,43,24,33,6,13,8,-5,146,16,91948,71183,4194,12044,225,169,1,34,28,15,0,7,150,138,3,5,36,27,6,0,32,24,1,3,29,14,0,8,17,6,0,6,15,6,3,2,25,14,2,6,68,55,0,4,41,26,0,10,6,16,0,-2,pre-covid
Boone Jenner,F,CBJ,2013-14,778333,20,64300000,0.012105,Entry_Level,L,6,5,0,0,2,72,0.040000000000000036,0,0.88,0.010000000000000009,75,16,8,4,14,8,-1,-1,0,57,10,60823,56017,76,3775,127,107,0,16,16,11,0,4,212,208,1,1,28,26,0,1,26,22,0,4,11,5,0,5,7,3,0,4,14,14,0,0,16,15,0,0,37,34,1,0,13,10,0,3,18,20,0,-2,pre-covid
Brad Hunt,D,EDM,2013-14,550000,25,64300000,0.008554,Entry_Level,L,0,0,0,0,-3,3,-0.07,-0.12,0,0,-7,-3,-1,-1,-7,-3,-1,-1,0,0,0,2268,2077,0,191,1,1,0,0,0,0,0,0,0,0,0,0,1,1,0,0,1,1,0,0,0,0,0,0,0,0,0,0,0,0,0,0,0,0,0,0,2,2,0,0,0,0,0,0,0,0,0,0,pre-covid
Brad Malone,F,COL,2013-14,735000,24,64300000,0.011431,Standard (2-way),L,0,0,0,0,-5,32,-0.050000000000000044,-0.050000000000000044,0,0.030000000000000027,-34,-4,-3,1,-32,-4,-3,1,0,0,0,12994,12889,0,82,16,16,0,0,3,3,0,0,79,79,0,0,4,4,0,0,7,7,0,0,2,2,0,0,1,1,0,0,45,45,0,0,51,50,0,0,5,5,0,0,2,2,0,0,-4,-4,0,0,pre-covid
Brad Marchand,F,BOS,2013-14,4500000,25,64300000,0.069984,Standard (1-way),L,1,1,5,0,40,82,0.040000000000000036,0.07999999999999996,-0.010000000000000009,0.06000000000000005,114,25,5,-4,166,27,8,-1,-10,23,3,78464,66931,7486,2524,149,129,13,1,25,17,5,1,73,65,6,0,46,39,6,0,51,48,3,0,18,11,3,1,6,3,1,1,6,4,0,1,17,13,0,0,23,16,0,1,28,24,0,1,-16,-14,-2,-2,pre-covid
Brad Richardson,F,VAN,2013-14,1150000,28,64300000,0.017885,Standard (1-way),L,1,0,2,1,1,73,-0.12000000000000005,-0.050000000000000044,-0.020000000000000018,-0.3400000000000001,-159,-10,-11,-8,-56,-3,1,0,-5,0,1,65268,54881,8416,572,85,72,6,1,11,7,2,1,63,57,4,0,27,19,8,0,20,15,4,0,9,7,1,0,2,2,0,0,533,443,61,6,433,338,5,35,52,47,0,1,12,10,1,0,3,1,-2,0,pre-covid
Brandon Saad,F,CHI,2013-14,764167,21,64300000,0.011884,Entry_Level,L,4,8,0,2,30,78,0.06999999999999995,0.029999999999999916,0.09000000000000001,0.06000000000000005,254,26,22,17,149,14,13,11,-5,98,10,76239,61895,3225,8143,159,124,5,13,19,12,0,2,48,44,0,3,50,41,6,0,24,21,1,2,16,10,0,2,9,5,0,1,50,30,1,11,72,45,14,2,20,15,0,3,28,20,2,6,24,18,0,6,pre-covid
Brandon Sutter,F,PIT,2013-14,2066667,24,64300000,0.032141,Standard (1-way),R,2,3,4,1,-2,81,-0.12,-0.07,0,-0.030000000000000027,-147,-18,-19,-6,-34,-9,-12,-5,-14,54,6,76635,58679,10450,5138,144,113,8,16,13,6,2,2,69,62,2,2,29,16,9,0,13,6,1,4,11,3,2,4,6,0,2,2,549,406,77,35,601,415,35,98,40,28,1,6,13,9,0,3,22,18,0,2,pre-covid
Brayden Schenn,F,PHI,2013-14,870000,22,64300000,0.01353,Entry_Level,L,4,7,0,0,-2,82,0.030000000000000027,-0.030000000000000027,0.12,0.07000000000000006,32,14,40,12,-95,1,18,3,0,117,12,77481,64056,625,10392,178,142,3,24,20,14,0,4,200,193,0,3,37,34,1,1,19,15,0,4,21,14,0,5,8,5,0,2,296,260,8,15,389,352,6,5,37,31,0,1,21,14,0,5,13,18,2,-7,pre-covid
Brendan Gallagher,F,MTL,2013-14,685000,21,64300000,0.010653,Entry_Level,R,9,2,0,0,4,81,0.13999999999999996,0.08000000000000002,-0.04999999999999999,0.040000000000000036,185,29,31,14,51,5,1,-1,0,127,17,77587,64006,351,11260,211,171,0,28,19,11,0,7,38,36,0,1,41,38,0,1,22,20,0,2,27,13,0,10,13,5,0,7,47,28,1,18,81,54,5,0,36,34,0,0,22,20,0,1,6,10,0,-6,pre-covid
Brendan Smith,D,DET,2013-14,1262500,24,64300000,0.019635,Standard (1-way),L,1,0,0,0,-1,71,0.010000000000000009,0.030000000000000027,0.009999999999999995,-0.10999999999999999,17,-8,-22,-8,60,3,-11,-1,-6,3,1,78335,71850,3238,627,90,84,0,1,5,4,0,1,57,53,0,1,18,17,0,0,49,45,4,0,1,0,0,1,1,0,0,1,0,0,0,0,0,0,0,0,69,56,0,5,14,14,0,0,-18,-22,0,4,pre-covid
Brenden Dillon,D,DAL,2013-14,743333,23,64300000,0.01156,Entry_Level,L,0,0,2,0,7,80,-0.08000000000000002,0.010000000000000009,0.020000000000000018,-0.020000000000000018,-106,-14,-38,-6,59,7,-12,4,-14,4,0,101248,86131,10843,694,97,86,5,0,6,4,2,0,168,138,24,0,15,10,1,0,52,47,3,0,1,0,1,0,1,0,1,0,0,0,0,0,0,0,0,0,149,119,0,12,11,11,0,0,-22,-10,-17,4,pre-covid
Brent Burns,D,S.J,2013-14,5760000,28,64300000,0.08958,Standard (1-way),R,3,9,0,0,21,69,0.09999999999999998,0.039999999999999925,0.18000000000000002,0.030000000000000027,278,41,31,11,130,23,8,3,0,129,13,69608,57948,260,8670,245,190,0,42,22,18,0,2,145,135,0,5,45,37,0,3,37,27,0,8,18,11,0,2,7,5,0,0,61,50,0,6,70,51,4,0,24,22,2,0,26,15,0,9,-2,-2,0,0,pre-covid
Brent Seabrook,D,CHI,2013-14,5800000,28,64300000,0.090202,Standard (1-way),R,5,10,1,0,23,82,0.020000000000000018,0.019999999999999907,0.06,0.020000000000000018,208,22,17,17,180,17,17,13,-10,111,15,109540,87124,9484,9492,149,110,3,30,7,3,1,3,171,144,11,5,35,23,7,0,68,47,16,2,3,0,0,3,2,0,0,2,0,0,0,0,0,0,0,0,142,117,1,15,34,23,0,6,-6,-10,-2,6,pre-covid
Brett Connolly,F,T.B,2013-14,900000,21,64300000,0.013997,Entry_Level,R,0,0,0,0,-5,11,0.010000000000000009,-0.040000000000000036,0,-0.12,10,-5,2,2,3,-5,1,1,0,4,-1,7932,7006,60,768,12,10,0,2,1,1,0,0,9,9,0,0,3,3,0,0,1,1,0,0,1,1,0,0,0,0,0,0,25,24,0,0,27,27,0,0,1,1,0,0,0,0,0,0,0,0,0,0,pre-covid
Brian Boyle,F,NYR,2013-14,1700000,29,64300000,0.026439,Standard (1-way),L,1,1,1,4,-2,82,-0.16000000000000003,-0.07000000000000006,-0.05,-0.07999999999999996,-151,-15,-14,-7,-16,-3,-3,-3,-12,11,2,62763,49808,9382,1022,137,119,10,5,6,5,0,1,154,147,5,0,20,16,4,0,20,15,4,0,13,10,2,1,3,2,0,1,306,182,83,12,272,157,4,31,54,34,0,9,12,9,2,1,-12,-10,-6,2,pre-covid
Brian Dumoulin,D,PIT,2013-14,831667,22,64300000,0.012934,Entry_Level,L,0,0,0,0,1,6,-0.010000000000000009,-0.07,0.13,-0.06999999999999995,7,0,3,0,-4,1,1,0,-2,10,1,6924,5086,492,850,3,3,0,0,0,0,0,0,1,1,0,0,1,1,0,0,4,3,0,1,0,0,0,0,0,0,0,0,0,0,0,0,0,0,0,0,8,6,0,0,1,1,0,0,-2,-2,0,0,pre-covid
Brian Flynn,F,BUF,2013-14,637500,25,64300000,0.009914,Standard (2-way),R,0,0,1,0,-10,79,-0.09000000000000002,-0.010000000000000009,0.009999999999999995,-0.15000000000000002,-277,-27,-33,-12,-113,-13,-9,-4,-13,1,0,68346,55586,10547,544,102,90,8,1,6,5,1,0,51,49,1,1,28,17,8,1,15,13,2,0,11,10,0,0,3,3,0,0,184,148,28,2,205,156,5,11,55,34,0,5,7,6,0,0,6,4,0,0,pre-covid
Brian Lashoff,D,DET,2013-14,725000,23,64300000,0.011275,Standard (1-way),L,0,0,0,0,-5,75,-0.10000000000000003,-0.010000000000000009,0.010000000000000009,0.17000000000000004,-131,-21,-6,-14,-14,-1,4,0,-18,0,0,64948,53744,10049,62,38,34,0,0,1,0,0,0,65,55,7,0,14,7,7,0,15,13,2,0,1,0,0,0,1,0,0,0,0,0,0,0,0,0,0,0,93,55,0,4,5,5,0,0,-16,-24,-2,0,pre-covid
Brock Nelson,F,NYI,2013-14,900000,22,64300000,0.013997,Entry_Level,L,3,4,0,0,-10,72,0.07000000000000006,0.040000000000000036,-0.09000000000000001,0.020000000000000018,104,-6,10,-3,39,-10,3,-5,-7,98,9,61613,48465,3483,7583,132,97,2,20,14,10,0,3,74,67,0,4,32,26,3,2,23,16,2,4,18,7,2,5,6,2,0,3,191,158,10,18,260,212,17,15,38,26,0,8,12,8,0,4,20,16,0,0,pre-covid
Bryan Little,F,WPG,2013-14,4700000,26,64300000,0.073095,Standard (1-way),R,8,7,2,2,8,82,0.06000000000000005,0.040000000000000036,-0.03,0,108,15,26,21,36,5,17,5,-13,145,16,98418,70954,10554,12323,170,119,9,28,23,11,2,6,84,77,3,0,38,30,6,0,31,23,4,4,30,11,3,10,15,4,2,5,785,501,113,97,868,589,88,132,38,28,0,8,41,29,2,6,6,4,0,0,pre-covid
Cal Clutterbuck,F,NYI,2013-14,2750000,26,64300000,0.042768,Standard (1-way),R,0,0,3,1,-9,73,-0.030000000000000027,-0.010000000000000009,-0.01999999999999999,0.020000000000000018,-9,-23,-8,-11,23,-14,-4,-1,-13,61,1,62766,48322,7523,5266,172,130,14,18,12,7,2,0,270,251,9,6,30,25,4,1,24,20,0,3,12,5,2,2,6,2,1,0,7,5,0,1,9,6,0,2,14,9,0,5,7,5,1,0,18,14,0,2,pre-covid
Calle Jarnkrok,F,NSH,2013-14,715000,22,64300000,0.01112,Entry_Level,R,0,1,0,0,7,12,0.11000000000000004,0.06,-0.11,0.030000000000000027,24,9,4,2,9,7,1,1,0,16,2,10129,9020,68,1006,13,12,0,1,2,2,0,0,2,2,0,0,2,2,0,0,2,2,0,0,1,1,0,0,0,0,0,0,58,52,0,5,89,82,2,0,4,4,0,0,7,6,0,1,-2,-2,0,0,pre-covid
Cam Atkinson,F,CBJ,2013-14,1150000,24,64300000,0.017885,Standard (1-way),R,4,6,1,0,-3,79,0.09999999999999998,0.020000000000000018,0.08000000000000002,0.020000000000000018,170,15,17,10,10,3,13,7,0,137,14,74840,61012,855,9892,216,161,2,34,21,15,1,4,55,51,1,1,29,24,1,3,20,13,0,5,23,17,0,2,10,8,0,1,0,0,0,0,0,0,0,0,38,33,0,0,19,12,0,4,4,4,2,-2,pre-covid
Cam Fowler,D,ANA,2013-14,4000000,22,64300000,0.062208,Standard (1-way),L,4,13,1,0,17,70,0,-0.010000000000000009,-0.06,0.020000000000000018,72,22,-1,1,23,12,-3,0,-17,179,21,100224,70673,10700,13225,100,52,1,37,6,1,1,4,46,36,8,0,24,14,7,0,36,16,7,11,4,0,1,3,2,0,1,1,0,0,0,0,0,0,0,0,122,77,4,28,30,15,0,10,-8,-8,-2,2,pre-covid
Carl Hagelin,F,NYR,2013-14,2250000,25,64300000,0.034992,Standard (1-way),L,0,0,3,1,8,72,-0.030000000000000027,0.030000000000000027,-0.039999999999999994,0,18,0,-18,-3,96,5,-10,-2,-7,10,0,67089,56751,6948,823,144,134,4,0,17,12,1,0,64,60,4,0,32,22,8,0,34,28,4,1,10,6,1,0,5,1,1,0,0,0,0,0,5,3,0,0,33,20,0,4,16,15,0,0,-6,-6,-2,4,pre-covid
Casey Cizikas,F,NYI,2013-14,793333,22,64300000,0.012338,Entry_Level,L,1,1,0,2,-12,80,-0.14,-0.06,-0.04999999999999999,-0.22000000000000008,-154,-32,-23,-12,-27,-15,-6,-2,-18,3,1,64193,50912,10847,963,79,68,8,1,6,5,0,1,128,125,3,0,33,22,9,0,18,15,2,1,17,10,5,1,4,3,0,1,489,386,71,12,522,375,12,66,48,26,0,9,10,7,2,0,4,0,-2,4,pre-covid
Cedric Paquette,F,T.B,2013-14,633333,20,64300000,0.00985,Entry_Level,L,0,0,0,0,-1,2,-0.25000000000000006,-0.24,0,0,-1,1,-3,0,2,1,-1,0,0,0,0,1745,1601,43,0,1,1,0,0,0,0,0,0,2,2,0,0,0,0,0,0,0,0,0,0,0,0,0,0,0,0,0,0,16,11,2,0,13,11,0,0,4,4,0,0,1,1,0,0,0,0,0,0,pre-covid
Chad Ruhwedel,D,BUF,2013-14,925000,23,64300000,0.014386,Entry_Level,R,0,1,0,0,-3,21,0.040000000000000036,0.04999999999999999,0.03,0.09999999999999998,-31,-5,6,3,-27,-3,7,2,-5,13,2,22527,19524,1482,994,35,30,0,3,0,0,0,0,20,17,2,0,6,4,1,1,6,5,1,0,0,0,0,0,0,0,0,0,0,0,0,0,0,0,0,0,29,27,0,1,1,0,0,1,0,0,0,0,pre-covid
Charlie Coyle,F,MIN,2013-14,900000,21,64300000,0.013997,Entry_Level,R,3,1,0,0,-9,70,0.07,0.010000000000000009,-0.05,-0.06000000000000005,64,1,16,9,-12,-4,8,6,-3,88,7,71783,59672,663,9232,135,123,0,8,12,10,0,2,108,98,0,7,32,30,0,0,28,22,0,3,12,8,0,2,4,2,0,2,192,141,3,29,266,215,15,5,37,33,0,0,18,14,0,1,10,10,0,0,pre-covid
Chris Kreider,F,NYR,2013-14,800000,22,64300000,0.012442,Entry_Level,L,9,8,0,0,12,66,0.08999999999999997,0.030000000000000027,-0.14,-0.020000000000000018,218,29,7,15,100,16,-5,6,0,106,12,62286,52053,102,8127,136,113,0,17,17,11,0,5,146,139,0,4,21,20,0,1,25,19,0,6,12,7,0,5,5,1,0,4,8,8,0,0,11,8,0,1,18,16,0,0,20,13,0,6,-31,-25,0,-6,pre-covid
Christopher Tanev,D,VAN,2013-14,1500000,24,64300000,0.023328,Standard (1-way),R,0,0,1,0,12,64,-0.09000000000000002,0.010000000000000009,-0.010000000000000009,-0.26,-79,-7,-15,-6,42,12,3,4,-12,-1,1,79629,65099,10666,771,65,58,4,0,6,5,1,0,25,22,3,0,17,14,2,0,18,10,6,1,0,0,0,0,0,0,0,0,0,0,0,0,0,0,0,0,136,97,0,5,11,11,0,0,6,2,0,2,pre-covid
Claude Giroux,F,PHI,2013-14,3750000,25,64300000,0.05832,Standard (1-way),R,7,32,0,0,9,82,0.13999999999999996,0.050000000000000044,0.05000000000000002,-0.040000000000000036,320,43,51,23,40,11,-1,4,-10,246,35,100538,72871,4272,16923,223,137,5,58,28,16,0,7,90,74,3,7,43,33,3,3,34,19,3,8,26,8,0,12,8,1,0,5,931,615,57,182,829,562,123,54,46,40,1,2,58,25,0,28,26,16,6,2,pre-covid
Cody Ceci,D,OTT,2013-14,894167,20,64300000,0.013906,Entry_Level,R,0,0,0,0,-5,49,-0.020000000000000018,-0.030000000000000027,0.06999999999999998,0.010000000000000009,-29,-8,15,1,-2,-5,11,2,-5,34,3,50527,39771,4737,3940,82,63,2,9,3,2,0,0,45,39,3,1,12,9,0,1,15,13,1,1,2,0,0,2,0,0,0,0,0,0,0,0,0,0,0,0,49,40,1,6,6,6,0,0,-6,-4,0,0,pre-covid
Cody Eakin,F,DAL,2013-14,571667,22,64300000,0.008891,Entry_Level,L,4,3,1,0,-7,81,0.010000000000000009,0.010000000000000009,0.05000000000000002,0.010000000000000009,2,-11,6,6,-21,-14,1,3,-12,101,11,84231,63689,6945,9479,161,101,10,34,16,10,1,2,91,83,2,4,57,36,12,4,33,24,1,6,22,10,1,4,7,3,0,2,585,458,53,44,638,492,47,47,58,48,1,4,19,13,0,3,10,16,-6,0,pre-covid
Colton Sceviour,F,DAL,2013-14,600000,24,64300000,0.009331,Standard (1-way),R,2,1,0,0,-1,26,0.050000000000000044,0.010000000000000009,-0.09999999999999999,0.020000000000000018,38,-1,7,1,6,-3,1,0,-1,31,3,23213,19179,525,2812,69,55,0,12,8,6,0,2,19,18,1,0,7,6,0,1,13,12,0,0,10,5,0,5,4,2,0,2,17,14,0,1,26,16,2,2,16,15,0,0,4,4,0,0,0,0,0,-2,pre-covid
Colton Sissons,F,NSH,2013-14,635000,20,64300000,0.009876,Entry_Level,R,0,0,0,0,0,17,-0.030000000000000027,-0.010000000000000009,0.12000000000000001,-0.83,-6,0,-1,-1,-2,0,-1,-1,0,0,0,10830,10107,636,2,13,12,1,0,1,1,0,0,9,9,0,0,6,6,0,0,2,2,0,0,0,0,0,0,0,0,0,0,70,68,2,0,74,68,0,1,9,8,0,0,3,3,0,0,-4,-4,0,0,pre-covid
Connor Carrick,D,WSH,2013-14,636667,19,64300000,0.009902,Entry_Level,R,0,0,0,0,-9,34,-0.09000000000000002,-0.03999999999999998,0.009999999999999995,0.019999999999999907,-124,-16,-8,-2,-90,-8,0,1,-6,8,0,32584,29283,2219,687,26,19,3,3,1,1,0,0,25,24,1,0,6,5,0,0,18,15,0,0,0,0,0,0,0,0,0,0,0,0,0,0,0,0,0,0,56,47,0,3,5,5,0,0,-10,-6,-2,0,pre-covid
Connor Murphy,D,ARI,2013-14,863333,20,64300000,0.013427,Entry_Level,R,0,0,0,0,5,30,-0.08000000000000007,-0.030000000000000027,0.07,-0.7,-25,-2,-2,-3,23,3,5,1,-6,-1,0,32365,28335,3207,29,30,26,0,0,1,1,0,0,44,39,5,0,13,10,2,0,13,9,3,0,0,0,0,0,0,0,0,0,0,0,0,0,0,0,0,0,38,32,0,0,7,7,0,0,4,0,0,0,pre-covid
Corey Perry,F,ANA,2013-14,8625000,28,64300000,0.134137,Standard (1-way),R,10,12,0,0,30,81,0.12999999999999995,0.040000000000000036,0.05,0.020000000000000018,358,58,39,10,140,33,14,2,-5,211,26,94679,70529,2600,16001,280,195,8,58,43,31,1,7,81,73,1,5,31,26,3,2,56,48,3,5,43,21,3,10,15,8,1,6,9,8,1,0,16,15,0,1,28,20,0,4,39,28,0,9,28,27,6,-5,pre-covid
Craig Smith,F,NSH,2013-14,2000000,24,64300000,0.031104,Standard (1-way),R,7,3,0,0,16,79,0.09000000000000002,0.020000000000000018,-0.06,-0.040000000000000036,149,31,23,13,29,15,7,3,0,101,15,77615,65696,112,9340,215,167,0,31,24,15,0,7,54,49,0,4,50,47,0,2,49,41,0,8,20,8,0,10,10,4,0,6,3,3,0,0,16,15,0,0,21,20,0,0,28,25,0,3,12,12,0,0,pre-covid
Darren Helm,F,DET,2013-14,2125000,26,64300000,0.033048,Standard (1-way),L,1,0,2,0,-1,42,-0.040000000000000036,0.010000000000000009,0.10999999999999999,-0.08000000000000007,-39,-1,-9,-2,9,4,-9,2,-4,15,4,38231,30272,5207,1591,83,64,14,2,12,9,2,1,73,66,3,1,17,14,2,0,13,9,0,1,6,2,0,2,2,1,0,1,269,199,38,17,279,214,11,17,16,13,0,1,8,7,0,0,28,24,2,-2,pre-covid
David Perron,F,EDM,2013-14,3812500,25,64300000,0.059292,Standard (1-way),R,8,5,1,0,-16,78,0.11000000000000004,0.030000000000000027,0.009999999999999995,0.06000000000000005,38,1,15,3,-113,-7,-3,1,-1,133,10,89391,71003,1972,12092,220,165,1,34,28,17,1,8,116,107,0,5,52,46,0,2,42,33,0,5,31,15,0,10,9,4,0,4,13,7,1,1,26,18,3,0,20,18,0,1,29,20,0,5,-8,-8,4,-10,pre-covid
David Savard,D,CBJ,2013-14,709275,23,64300000,0.011031,Standard (2-way),R,1,5,0,1,4,70,-0.04999999999999999,-0.020000000000000018,-0.04000000000000001,0.010000000000000009,-118,3,-1,4,-61,3,2,4,-6,38,8,74881,65260,5510,2387,63,57,0,5,5,4,0,1,149,132,11,1,12,9,3,0,9,5,1,2,1,0,0,1,0,0,0,0,1,0,1,0,0,0,0,0,81,63,1,6,10,6,0,3,-18,-16,-2,2,pre-covid
Derek Grant,F,OTT,2013-14,605000,23,64300000,0.009409,Entry_Level,L,0,0,0,0,-3,20,-0.08000000000000002,0.050000000000000044,-0.07,0.19999999999999996,-16,-14,-5,-10,18,-4,2,-3,-9,1,0,11474,8677,2325,11,31,26,4,1,0,0,0,0,32,30,1,0,5,4,1,0,1,0,1,0,1,1,0,0,0,0,0,0,79,59,15,0,71,45,0,2,11,8,0,0,2,2,0,0,2,0,0,0,pre-covid
Derek Stepan,F,NYR,2013-14,3075000,23,64300000,0.047823,Standard (1-way),R,7,17,0,3,11,82,0.05999999999999994,0.010000000000000009,0.07,-0.020000000000000018,183,32,-6,10,58,15,-11,2,-4,164,16,88837,65824,5314,12248,199,141,9,37,17,12,0,3,30,29,0,1,50,42,3,4,37,26,0,11,10,3,0,5,5,2,0,2,682,473,43,114,829,603,98,54,46,39,0,4,40,22,3,9,10,4,2,6,pre-covid
Derick Brassard,F,NYR,2013-14,3200000,26,64300000,0.049767,Standard (1-way),L,7,14,0,0,6,81,0.09999999999999998,0.020000000000000018,-0.2,0.010000000000000009,256,24,14,10,85,2,-6,-5,0,151,17,76745,61230,158,11639,159,114,0,35,18,9,0,7,124,118,0,4,28,24,0,2,28,22,0,5,12,6,0,3,6,2,0,3,469,355,1,89,508,412,13,2,19,19,0,0,27,16,0,9,8,8,0,-2,pre-covid
Dmitrij Jaskin,F,STL,2013-14,772500,20,64300000,0.012014,Entry_Level,L,0,0,0,0,-3,18,0.010000000000000009,-0.020000000000000018,-0.39,-0.10999999999999999,-10,-3,-2,-3,-13,-2,0,-2,0,2,-1,11473,10683,79,608,18,17,0,0,1,1,0,0,40,40,0,0,3,3,0,0,1,1,0,0,1,1,0,0,0,0,0,0,1,1,0,0,1,1,0,0,5,5,0,0,1,1,0,0,-2,-2,0,0,pre-covid
Dmitry Kulikov,D,FLA,2013-14,2500000,23,64300000,0.03888,Standard (1-way),L,2,3,1,0,-26,81,-0.010000000000000009,0,-0.04000000000000001,-0.050000000000000044,-39,-36,-22,-19,19,-25,-8,-11,-15,90,7,105417,82182,7986,11239,127,82,4,30,8,4,1,2,125,109,5,5,29,19,3,5,47,33,4,8,4,1,0,1,1,0,0,1,0,0,0,0,0,0,0,0,92,73,3,12,11,7,0,3,-20,-16,-2,-2,pre-covid
Dmitry Orlov,D,WSH,2013-14,690000,22,64300000,0.010731,Entry_Level,L,0,1,0,0,-1,54,0.07,0.06,0.24,-0.31999999999999995,5,-1,-14,-3,-2,-3,-18,-5,-1,0,0,63497,59728,1291,722,59,51,0,2,3,3,0,0,75,70,1,0,28,22,2,0,28,27,0,0,0,0,0,0,0,0,0,0,0,0,0,0,0,0,0,0,62,59,0,0,8,7,0,1,9,11,0,-2,pre-covid
Dougie Hamilton,D,BOS,2013-14,925000,20,64300000,0.014386,Entry_Level,R,3,6,0,0,23,64,0.06999999999999995,0.030000000000000027,-0.010000000000000009,0,135,38,24,15,63,21,3,2,0,96,15,73355,62081,2560,7080,114,86,0,24,7,5,0,2,73,67,3,1,18,17,0,1,31,24,2,3,6,4,0,2,4,2,0,2,0,0,0,0,0,0,0,0,53,42,1,1,18,12,0,4,-34,-32,0,-2,pre-covid
Drew Doughty,D,L.A,2013-14,7000000,24,64300000,0.108865,Standard (1-way),R,7,19,0,1,19,78,0.04999999999999993,0.019999999999999907,0,-0.020000000000000018,248,29,31,10,153,16,11,5,-14,209,22,120309,85290,11361,17492,177,103,6,55,10,4,0,5,180,147,19,6,16,14,1,1,82,49,11,16,7,1,0,4,2,0,0,2,0,0,0,0,0,0,0,0,91,59,2,19,27,10,1,6,-28,-24,-2,0,pre-covid
Duncan Keith,D,CHI,2013-14,5538462,30,64300000,0.086135,Standard (1-way),L,3,20,0,1,29,79,0.039999999999999925,0.029999999999999916,0,-0.020000000000000018,257,40,28,22,171,18,14,12,-8,180,24,116840,87671,10905,14341,198,132,3,46,6,3,0,3,36,31,2,1,48,34,8,4,70,56,8,5,1,1,0,0,0,0,0,0,0,0,0,0,0,0,0,0,89,70,1,12,55,31,1,15,-12,-16,0,0,pre-covid
Dustin Brown,F,L.A,2013-14,3175000,29,64300000,0.049378,Standard (1-way),R,2,3,0,0,14,79,0.06999999999999995,0.019999999999999907,-0.01999999999999999,-0.030000000000000027,237,16,18,8,129,7,9,3,-6,132,13,75063,61204,2211,9836,195,158,1,27,15,13,0,1,246,219,10,11,26,23,0,0,41,34,0,5,19,14,0,3,6,4,0,1,6,5,0,1,13,10,0,1,12,10,0,1,12,8,0,3,19,25,-4,-4,pre-covid
Elias Lindholm,F,CAR,2013-14,925000,19,64300000,0.014386,Entry_Level,R,4,3,0,0,-14,58,0.06000000000000005,-0.010000000000000009,0,-0.040000000000000036,69,0,5,-1,-15,-8,-7,-3,0,80,8,50550,40794,174,7979,70,47,0,19,9,5,0,3,51,48,0,2,37,35,1,0,28,24,0,2,10,5,0,4,4,1,0,2,106,71,0,29,123,95,4,3,17,17,0,0,12,8,0,2,2,2,0,0,pre-covid
Eric Gelinas,D,N.J,2013-14,660000,22,64300000,0.010264,Entry_Level,L,5,12,0,0,-3,60,0.07999999999999996,-0.020000000000000018,0.38,0.010000000000000009,115,18,17,10,-3,0,-5,-5,-1,102,17,60926,50681,375,8123,124,65,0,42,7,2,0,3,99,88,0,7,12,9,0,2,26,14,0,7,6,1,0,2,4,0,0,2,0,0,0,0,0,0,0,0,20,20,0,0,22,9,0,12,-12,-10,0,-4,pre-covid
Erik Gudbranson,D,FLA,2013-14,900000,21,64300000,0.013997,Entry_Level,R,0,1,0,0,-7,65,-0.050000000000000044,-0.010000000000000009,0.010000000000000009,0.020000000000000018,-69,-29,-11,-16,6,-6,5,-2,-19,27,0,70126,57562,6866,3273,92,84,0,7,3,3,0,0,158,147,8,2,14,13,1,0,19,15,4,0,2,1,0,1,0,0,0,0,0,0,0,0,0,0,0,0,91,76,0,5,6,5,0,1,-19,-7,-12,0,pre-covid
Erik Haula,F,MIN,2013-14,900000,22,64300000,0.013997,Entry_Level,L,0,0,1,0,16,46,-0.02999999999999997,0.010000000000000009,0.09,-0.19999999999999996,-31,10,0,0,2,12,3,2,-2,-1,0,28004,24292,2937,296,56,51,5,0,6,5,1,0,23,21,1,0,8,7,1,0,5,5,0,0,3,3,0,0,2,2,0,0,161,139,15,3,187,149,3,8,17,16,0,0,9,9,0,0,-13,-13,0,0,pre-covid
Erik Johnson,D,COL,2013-14,3750000,25,64300000,0.05832,Standard (1-way),R,2,12,0,0,-1,80,0.06,0.009999999999999953,0.05,-0.030000000000000027,41,27,13,8,-59,4,-7,-7,-5,132,23,110433,89234,4772,11836,157,103,1,37,9,5,0,2,136,130,3,1,49,43,1,3,42,32,0,6,4,2,0,2,1,0,0,1,0,0,0,0,0,0,0,0,130,111,3,8,30,15,0,10,-34,-24,-10,2,pre-covid
Erik Karlsson,D,OTT,2013-14,6500000,23,64300000,0.101089,Standard (1-way),R,5,26,0,0,-15,82,0.10999999999999993,0.040000000000000036,0.04000000000000001,-0.010000000000000009,179,5,31,12,56,-4,-8,-4,-20,221,26,133074,100154,6923,19147,257,184,5,50,20,14,0,4,122,104,11,2,68,57,4,3,115,89,7,14,13,2,1,8,3,0,0,2,0,0,0,0,0,0,0,0,101,82,3,8,54,23,0,22,6,10,-2,-2,pre-covid
Evander Kane,F,WPG,2013-14,5250000,22,64300000,0.081649,Standard (1-way),L,1,4,2,0,-7,63,0.050000000000000044,0.040000000000000036,0.020000000000000018,0.010000000000000009,18,-6,1,-4,5,-10,4,-5,-9,87,9,76693,58616,6765,7884,250,186,12,37,19,14,2,1,173,158,7,3,28,17,8,3,26,19,1,5,34,21,4,4,6,4,0,1,45,24,6,10,60,38,5,4,36,28,1,4,22,14,0,3,-14,-18,2,-2,pre-covid
Evgeni Malkin,F,PIT,2013-14,8700000,27,64300000,0.135303,Standard (1-way),L,8,24,0,0,16,60,0.2,0.06000000000000005,-0.08,-0.010000000000000009,355,54,44,29,63,13,9,2,-1,261,35,72226,52753,166,15880,191,95,0,79,23,15,0,6,27,21,0,2,37,28,0,7,58,43,1,12,23,13,0,4,9,4,0,3,303,283,2,4,318,304,0,0,18,15,0,0,49,22,0,21,4,20,2,-14,pre-covid
Evgeny Kuznetsov,F,WSH,2013-14,900000,21,64300000,0.013997,Entry_Level,L,0,2,1,0,-2,17,-0.010000000000000009,-0.040000000000000036,-0.05,-0.020000000000000018,-39,1,-4,0,-47,-3,-5,-2,0,10,3,13743,12473,14,1005,22,16,0,3,3,2,0,0,7,6,0,1,3,3,0,0,7,7,0,0,2,1,0,0,1,0,0,0,5,2,0,3,22,11,0,0,2,2,0,0,6,4,0,2,0,0,0,0,pre-covid
Filip Forsberg,F,NSH,2013-14,894167,19,64300000,0.013906,Entry_Level,R,1,3,0,0,-8,13,0.10000000000000003,0,0,0.07000000000000006,-6,-3,1,-1,-23,-8,-3,-3,0,17,4,8896,7340,0,1443,20,16,0,3,1,0,0,0,6,6,0,0,6,5,0,1,6,2,0,4,2,1,0,0,1,0,0,0,0,0,0,0,0,0,0,0,2,2,0,0,4,1,0,3,-2,-2,0,0,pre-covid
Frans Nielsen,F,NYI,2013-14,2750000,29,64300000,0.042768,Standard (1-way),L,5,15,2,1,-11,80,0.07000000000000006,0.020000000000000018,0.07,0.030000000000000027,121,-4,32,1,0,-10,5,-3,-24,199,26,87992,58935,9871,15244,167,111,7,33,25,15,2,5,39,33,3,1,50,31,13,3,35,17,3,10,20,6,2,6,8,2,1,3,534,403,73,17,550,393,16,107,47,34,1,7,33,16,1,14,20,14,-2,8,pre-covid
Gabriel Dumont,F,MTL,2013-14,562500,23,64300000,0.008748,Standard (1-way),R,0,0,0,0,0,2,-0.15999999999999998,-0.11000000000000004,0,0,-4,0,-1,0,-3,0,-1,0,0,0,0,820,784,34,0,1,1,0,0,0,0,0,0,3,3,0,0,1,1,0,0,1,1,0,0,0,0,0,0,0,0,0,0,3,3,0,0,5,5,0,0,0,0,0,0,0,0,0,0,2,2,0,0,pre-covid
Gabriel Landeskog,F,COL,2013-14,925000,21,64300000,0.014386,Entry_Level,L,5,5,0,0,19,81,0.09000000000000002,0.02999999999999997,0,-0.010000000000000009,150,40,31,12,15,24,12,1,0,120,15,90740,74712,1040,10982,222,174,0,28,26,18,0,4,176,160,1,8,64,54,1,6,35,27,0,7,22,13,0,2,6,1,0,1,13,10,0,3,5,3,0,1,52,50,0,0,39,30,0,5,-20,-9,2,-13,pre-covid
Gustav Nyquist,F,DET,2013-14,950000,24,64300000,0.014774,Standard (1-way),L,6,3,0,0,15,57,0.14,0.040000000000000036,0.39,-0.040000000000000036,202,35,28,10,59,24,12,4,0,121,12,57636,44674,39,10199,153,112,0,33,28,21,0,6,18,16,0,2,34,31,0,2,19,15,0,2,24,14,0,7,11,7,0,3,5,3,0,0,4,2,0,0,14,11,0,0,20,16,0,3,18,16,0,0,pre-covid
Hampus Lindholm,D,ANA,2013-14,894167,19,64300000,0.013906,Entry_Level,L,1,4,0,0,27,78,0.07000000000000006,0.010000000000000009,0.04999999999999999,0,222,40,18,9,90,31,11,7,0,120,10,90940,75552,1859,9185,116,82,1,22,6,5,0,1,54,49,0,2,22,20,0,1,45,42,0,2,4,1,0,1,2,1,0,1,0,0,0,0,1,1,0,0,61,55,3,1,24,20,0,3,-18,-20,2,-2,pre-covid
Ian Cole,D,STL,2013-14,825000,24,64300000,0.01283,Standard (1-way),L,0,2,0,0,15,46,-0.06000000000000005,-0.06000000000000005,0.009999999999999995,0.10999999999999999,-13,16,-2,2,-1,13,0,1,-1,10,2,41632,38684,1673,633,45,42,0,1,3,2,0,0,24,23,0,0,9,9,0,0,9,8,1,0,1,0,0,1,0,0,0,0,0,0,0,0,0,0,0,0,68,62,0,2,8,6,0,2,-14,-10,-7,0,pre-covid
Jack Johnson,D,CBJ,2013-14,4357143,26,64300000,0.067763,Standard (1-way),L,5,16,0,1,-8,82,-0.020000000000000018,-0.030000000000000027,-0.039999999999999994,-0.030000000000000027,-78,-1,-18,0,-51,0,0,6,-18,181,19,121423,86923,14052,15016,147,95,0,37,5,1,0,4,182,152,17,8,17,14,2,0,40,24,5,7,3,1,0,1,1,0,0,1,0,0,0,0,1,0,1,0,128,88,2,32,28,12,0,11,-16,-20,-2,4,pre-covid
Jacob Trouba,D,WPG,2013-14,894167,19,64300000,0.013906,Entry_Level,R,0,3,1,0,4,65,-0.030000000000000027,-0.010000000000000009,-0.06,-0.020000000000000018,-43,-7,-20,-9,-3,-4,3,-1,-16,84,7,87502,65925,10823,7581,121,91,3,19,10,6,1,0,95,75,11,3,31,17,5,5,88,62,15,6,8,2,1,3,2,0,1,0,0,0,0,0,0,0,0,0,132,89,2,35,19,14,0,3,14,10,0,8,pre-covid
Jaden Schwartz,F,STL,2013-14,830000,21,64300000,0.012908,Entry_Level,L,5,5,3,0,24,80,0.05999999999999994,0.040000000000000036,0.09000000000000001,0.030000000000000027,144,36,17,14,83,24,13,3,-8,101,17,84134,65678,7236,8111,188,136,17,24,25,16,3,5,54,45,2,4,66,51,11,1,15,11,1,2,23,15,2,5,8,5,1,2,44,26,7,6,34,22,5,2,32,26,0,3,31,24,0,5,12,16,-2,0,pre-covid
Jake Gardiner,D,TOR,2013-14,875000,23,64300000,0.013608,Entry_Level,L,2,9,1,0,-3,80,0.09999999999999998,0.050000000000000044,0.06,0,-30,14,-20,5,-122,3,-24,3,-3,115,17,101166,83898,2753,10629,136,93,1,30,10,7,1,2,108,99,1,4,33,28,0,4,68,59,3,5,5,1,0,3,3,1,0,2,0,0,0,0,0,0,0,0,87,79,1,1,21,9,0,7,12,12,0,0,pre-covid
Jake Muzzin,D,L.A,2013-14,1000000,24,64300000,0.015552,Standard (1-way),L,4,7,0,0,14,76,0.12,0.05999999999999994,0.020000000000000004,-0.010000000000000009,316,19,24,9,178,11,16,4,0,142,9,86779,71666,1922,10796,175,126,0,36,5,2,0,1,169,151,5,3,14,12,0,2,57,47,3,5,1,0,0,1,1,0,0,1,0,0,0,0,0,0,0,0,82,75,1,2,19,14,1,4,-30,-26,0,-4,pre-covid
Jakob Silfverberg,F,ANA,2013-14,863333,23,64300000,0.013427,Entry_Level,R,1,0,2,0,-1,52,0.010000000000000009,0,0.05,-0.030000000000000027,71,1,-3,3,25,3,-2,5,-4,53,1,44501,35834,3010,3822,119,93,4,18,10,6,1,1,31,30,0,0,17,13,1,2,9,6,0,3,14,8,2,3,5,2,1,1,1,1,0,0,11,2,2,3,20,14,0,5,13,13,0,0,6,4,0,2,pre-covid
Jakub Voracek,F,PHI,2013-14,4250000,24,64300000,0.066096,Standard (1-way),L,9,16,0,0,10,82,0.18,0.07000000000000006,-0.18,-0.030000000000000027,384,53,53,26,107,18,7,5,-1,237,33,84895,64648,232,15838,235,151,0,75,23,14,0,8,19,17,0,1,33,30,0,0,30,22,0,8,21,11,0,10,9,3,0,6,4,2,0,1,2,1,0,0,20,15,2,0,39,20,0,15,18,20,0,-2,pre-covid
James Neal,F,PIT,2013-14,5000000,26,64300000,0.07776,Standard (1-way),L,11,16,0,0,17,59,0.23000000000000004,0.10000000000000003,-0.12,0,344,56,29,18,89,11,0,-6,0,213,35,65219,49250,80,13126,238,153,0,61,27,14,0,9,58,50,0,6,31,24,1,0,22,13,0,7,16,6,0,7,6,0,0,5,5,4,1,0,13,11,0,0,23,19,0,0,34,17,0,14,-6,-4,0,-8,pre-covid
Jamie Benn,F,DAL,2013-14,5250000,24,64300000,0.081649,Standard (1-way),L,6,15,2,2,22,81,0.12,0.020000000000000018,0.18000000000000002,0.030000000000000027,317,51,30,19,74,28,2,6,-1,237,27,93080,68002,3471,16844,278,197,8,50,34,25,1,5,118,102,1,12,70,47,7,7,68,51,0,13,26,14,2,3,6,3,1,1,411,239,13,117,367,217,83,10,60,49,0,1,45,29,2,12,12,14,2,-4,pre-covid
Jamie Oleksiak,D,DAL,2013-14,894167,21,64300000,0.013906,Entry_Level,L,0,0,0,0,-3,7,-0.12999999999999995,-0.010000000000000009,-0.07999999999999999,-0.050000000000000044,-14,-6,-3,-2,3,-3,1,-1,-1,8,0,7472,5970,723,336,5,4,0,1,0,0,0,0,16,12,1,0,1,1,0,0,7,5,1,1,2,1,0,1,0,0,0,0,0,0,0,0,0,0,0,0,14,9,0,1,0,0,0,0,0,-2,0,0,pre-covid
Jared Spurgeon,D,MIN,2013-14,2666667,24,64300000,0.041472,Standard (1-way),R,3,5,0,0,15,67,0.020000000000000018,0.030000000000000027,-0.009999999999999995,-0.020000000000000018,54,13,9,7,66,22,9,8,-13,104,10,91017,71690,7865,8253,91,63,1,21,5,3,0,2,80,67,7,0,19,13,3,0,21,14,4,3,3,1,0,2,1,0,0,1,0,0,0,0,0,0,0,0,107,73,2,19,21,14,0,5,4,2,2,-2,pre-covid
Jarred Tinordi,D,MTL,2013-14,870000,21,64300000,0.01353,Entry_Level,L,0,0,0,0,-2,22,-0.04999999999999999,0.020000000000000018,0.009999999999999995,0.30000000000000004,-40,-7,-10,-4,-6,-2,-7,-3,-5,3,0,19181,15828,2907,144,10,8,0,0,0,0,0,0,42,39,2,0,0,0,0,0,12,11,1,0,0,0,0,0,0,0,0,0,0,0,0,0,0,0,0,0,27,20,0,2,2,2,0,0,-6,-6,0,0,pre-covid
Jason Spezza,F,OTT,2013-14,7000000,30,64300000,0.108865,Standard (1-way),R,9,13,0,0,-26,75,0.07000000000000006,-0.010000000000000009,0.04000000000000001,0.010000000000000009,83,-6,16,6,-23,-18,-2,-1,-7,140,17,81870,61513,3364,12991,223,149,4,55,23,13,0,8,17,17,0,0,47,36,7,2,68,53,2,8,27,11,1,11,13,5,0,6,775,558,44,124,661,478,73,40,26,19,0,5,43,24,0,13,-32,-32,-2,0,pre-covid
Jason Zucker,F,MIN,2013-14,771667,21,64300000,0.012001,Entry_Level,L,1,1,0,0,2,21,-0.02999999999999997,-0.03999999999999998,-0.03,-0.06000000000000005,-19,4,-4,3,-21,2,-4,2,-1,6,3,16364,14995,148,1042,40,38,0,1,4,3,0,1,16,16,0,0,9,7,1,0,9,9,0,0,1,1,0,0,0,0,0,0,0,0,0,0,0,0,0,0,11,10,0,0,1,0,0,1,4,4,0,0,pre-covid
Jay Beagle,F,WSH,2013-14,900000,28,64300000,0.013997,Standard (1-way),R,0,0,0,0,-9,62,-0.07,-0.02999999999999997,0.06,-0.32999999999999996,-103,-15,-5,-9,-59,-9,-3,-6,-6,-1,0,41795,37892,3201,315,60,55,4,0,4,4,0,0,93,92,0,0,18,17,1,0,7,6,1,0,6,4,1,0,0,0,0,0,296,262,24,7,277,249,7,7,32,27,0,3,5,5,0,0,-14,-12,0,0,pre-covid
Jayson Megna,F,PIT,2013-14,925000,23,64300000,0.014386,Entry_Level,R,0,0,0,0,0,36,-0.04999999999999999,-0.03999999999999998,-0.06,-0.87,-10,1,0,2,-2,1,0,2,0,0,0,22647,21910,383,43,36,36,0,0,5,5,0,0,47,47,0,0,7,7,0,0,4,4,0,0,5,5,0,0,3,3,0,0,2,1,0,1,8,8,0,0,13,13,0,0,4,4,0,0,8,6,0,0,pre-covid
Jeff Carter,F,L.A,2013-14,5272727,28,64300000,0.082002,Standard (1-way),R,12,10,1,0,13,72,0.05999999999999994,0,-0.009999999999999995,-0.010000000000000009,217,23,38,9,102,6,13,3,-7,159,17,81871,57749,6350,13398,256,179,6,50,27,14,1,7,68,60,3,4,32,25,3,1,59,38,4,14,32,13,0,12,12,2,0,6,336,229,16,62,308,200,54,23,29,23,0,5,23,16,0,6,-10,0,0,-8,pre-covid
Jeff Petry,D,EDM,2013-14,1750000,26,64300000,0.027216,Standard (1-way),R,1,1,0,0,-22,80,-0.040000000000000036,0.03999999999999998,-0.009999999999999995,-0.10999999999999999,-294,-46,-38,-25,-113,-17,-13,-6,-23,25,2,103607,81585,13834,3820,96,74,0,7,7,4,0,1,181,150,25,1,29,20,3,2,96,74,16,3,2,0,0,0,0,0,0,0,0,0,0,0,0,0,0,0,132,97,2,13,10,8,0,1,-14,-14,-6,4,pre-covid
Jeff Skinner,F,CAR,2013-14,5725000,21,64300000,0.089036,Standard (1-way),L,11,9,0,0,-14,71,0.09999999999999998,0,-0.2,0,174,15,20,8,-21,-4,-3,-2,0,166,18,73246,57747,75,11935,274,198,0,51,33,20,0,8,22,20,0,2,48,43,0,3,43,32,0,9,22,10,0,6,7,2,0,2,23,20,0,0,28,22,0,0,8,6,0,0,21,12,0,6,30,26,0,-2,pre-covid
Jesper Fast,F,NYR,2013-14,805000,22,64300000,0.012519,Entry_Level,R,0,0,0,0,-5,11,-0.010000000000000009,0.06999999999999995,-0.04000000000000001,-0.06999999999999995,-3,-7,1,0,11,-5,5,1,-2,2,0,7451,6307,912,173,7,7,0,0,0,0,0,0,20,20,0,0,1,1,0,0,1,0,1,0,1,1,0,0,0,0,0,0,0,0,0,0,0,0,0,0,7,3,0,0,0,0,0,0,2,2,0,0,pre-covid
Joe Pavelski,F,S.J,2013-14,4000000,29,64300000,0.062208,Standard (1-way),R,17,16,1,1,20,82,0.07999999999999996,0.040000000000000036,-0.020000000000000018,0.040000000000000036,362,49,62,22,151,22,20,7,-12,277,33,97663,69807,7629,16220,225,138,7,60,41,22,1,15,47,39,1,4,56,40,8,4,57,39,5,8,41,15,1,19,19,5,0,13,675,446,69,111,531,361,65,65,68,46,2,14,38,19,1,13,20,18,4,-4,pre-covid
Joe Thornton,F,S.J,2013-14,7000000,34,64300000,0.108865,Standard (1-way),L,3,18,0,1,14,82,0.16000000000000003,0.05999999999999994,-0.020000000000000004,0.040000000000000036,494,55,56,20,190,20,4,-2,-3,298,33,93141,70070,1742,17110,122,77,0,40,11,8,0,1,54,45,0,5,76,64,4,2,96,66,5,18,18,8,0,7,3,2,0,0,617,436,39,100,482,352,49,29,34,30,2,1,65,39,1,16,10,10,2,-4,pre-covid
Johan Larsson,F,BUF,2013-14,763333,21,64300000,0.011871,Entry_Level,L,0,0,0,0,0,28,0.020000000000000018,0.040000000000000036,0.1,-0.17999999999999994,-46,-3,-4,0,-25,-1,-4,-1,-3,1,0,22601,20172,1789,323,21,19,2,0,0,0,0,0,52,51,1,0,9,6,2,0,3,3,0,0,3,2,0,0,0,0,0,0,135,124,7,1,150,130,4,4,19,14,1,0,4,4,0,0,-4,-2,-2,0,pre-covid
John Carlson,D,WSH,2013-14,3966667,23,64300000,0.06169,Standard (1-way),R,5,17,0,1,-3,82,-0.02999999999999997,-0.010000000000000009,-0.009999999999999995,0.050000000000000044,-123,4,-19,-5,-78,-4,5,-2,-25,256,35,120608,83234,17245,14858,208,113,7,69,10,4,0,5,64,51,6,1,55,35,8,11,53,34,11,4,7,0,0,6,2,0,0,2,0,0,0,0,1,1,0,0,177,112,7,37,27,6,1,16,4,-2,2,6,pre-covid
John Moore,D,NYR,2013-14,840000,23,64300000,0.013064,Entry_Level,L,0,3,0,0,9,74,0.030000000000000027,0,0.15000000000000002,0.030000000000000027,134,13,-7,2,64,5,-10,-2,-1,63,7,68059,59965,574,4484,115,92,1,16,4,3,0,0,59,57,0,1,4,4,0,0,27,25,0,0,5,4,0,0,0,0,0,0,0,0,0,0,0,0,0,0,57,51,0,1,11,7,0,2,-4,-4,0,0,pre-covid
John Tavares,F,NYI,2013-14,5500000,23,64300000,0.085537,Standard (1-way),L,8,17,0,0,-6,59,0.10999999999999993,0.010000000000000009,0.07,0.040000000000000036,167,27,23,-2,-30,7,1,-8,0,174,22,75138,57245,522,13253,188,122,2,41,24,16,0,4,23,23,0,0,55,46,0,3,56,46,0,6,19,10,0,6,6,2,0,2,554,405,5,104,575,415,61,4,19,19,0,0,42,21,0,17,4,2,0,-4,pre-covid
Johnny Boychuk,D,BOS,2013-14,3366667,29,64300000,0.052359,Standard (1-way),R,0,0,0,3,34,75,-0.07000000000000006,0.010000000000000009,-0.03,0.039999999999999925,-6,7,12,-2,129,22,23,2,-21,17,0,95365,78356,12376,1506,142,121,8,6,5,5,0,0,158,129,23,0,16,14,2,0,31,29,0,2,1,0,0,1,0,0,0,0,0,0,0,0,0,0,0,0,151,109,1,16,18,12,3,0,-18,-12,-4,0,pre-covid
Johnny Gaudreau,F,CGY,2013-14,925000,20,64300000,0.014386,Entry_Level,L,0,0,0,0,1,1,0.27,0.17999999999999994,0,0,5,1,0,0,2,1,0,0,0,3,0,911,820,0,91,1,1,0,0,1,1,0,0,0,0,0,0,1,1,0,0,0,0,0,0,0,0,0,0,0,0,0,0,0,0,0,0,0,0,0,0,0,0,0,0,0,0,0,0,2,2,0,0,pre-covid
Jon Merrill,D,N.J,2013-14,840000,21,64300000,0.013064,Entry_Level,L,0,2,0,0,-3,52,0.010000000000000009,-0.020000000000000018,-0.05,-0.030000000000000027,16,0,-8,-4,1,-3,-8,-7,-1,40,5,59986,51551,1998,4325,45,34,0,8,2,1,0,0,27,25,1,0,9,8,1,0,11,10,0,1,0,0,0,0,0,0,0,0,0,0,0,0,0,0,0,0,41,33,0,5,9,6,0,2,-6,-4,0,0,pre-covid
Jonas Brodin,D,MIN,2013-14,925000,20,64300000,0.014386,Entry_Level,L,3,4,0,0,3,79,-0.06,-0.030000000000000027,0.01999999999999999,0,-174,-12,-17,-5,-80,-5,-5,1,-19,54,9,113244,92084,10565,6700,74,54,0,16,8,5,0,3,33,24,6,0,28,26,1,1,36,28,5,3,3,1,0,2,3,1,0,2,0,0,0,0,0,0,0,0,117,84,1,20,11,5,0,4,2,6,0,-4,pre-covid
Jonathan Huberdeau,F,FLA,2013-14,894167,20,64300000,0.013906,Entry_Level,L,2,3,0,0,-5,69,0.07000000000000006,0,0.07,0.040000000000000036,86,1,3,-5,2,-3,-1,-3,0,70,2,64853,54306,106,7748,108,92,0,12,9,7,0,0,73,71,0,0,32,31,0,0,21,17,0,3,15,10,0,3,5,3,0,0,5,4,0,0,6,5,0,0,23,21,0,0,19,15,0,2,40,42,2,-4,pre-covid
Jonathan Toews,F,CHI,2013-14,6300000,25,64300000,0.097978,Standard (1-way),L,7,13,4,2,29,76,0.09999999999999998,0.04999999999999993,0.09,-0.030000000000000027,345,48,33,27,209,20,6,10,-7,167,25,93328,69346,6592,13666,194,141,10,33,28,19,3,5,29,24,0,3,51,40,5,5,30,24,1,5,22,13,1,6,13,9,1,3,884,615,37,169,660,481,90,35,20,15,0,5,40,25,2,10,20,20,6,-4,pre-covid
Jordan Eberle,F,EDM,2013-14,6000000,23,64300000,0.093313,Standard (1-way),R,7,13,1,0,-11,80,0.11000000000000004,0.030000000000000027,0.09,0.020000000000000018,74,13,11,6,-89,-5,-11,0,-3,145,18,93791,71969,3280,13366,200,138,7,41,28,17,1,6,51,49,2,0,61,43,6,7,71,54,3,9,26,12,0,8,9,4,0,2,8,6,0,0,13,7,2,2,40,33,0,5,37,21,0,11,20,16,2,-4,pre-covid
Jordan Staal,F,CAR,2013-14,6000000,25,64300000,0.093313,Standard (1-way),L,2,8,1,3,2,82,0.06000000000000005,0.050000000000000044,0.06,0.010000000000000009,117,-5,3,-10,56,4,5,3,-15,134,12,93233,71053,7194,10550,165,116,11,23,15,10,1,2,194,174,3,10,51,36,7,4,41,32,2,6,22,9,2,7,5,3,0,2,803,617,42,91,674,498,67,62,37,29,0,3,25,13,3,5,2,-2,6,0,pre-covid
Jordie Benn,D,DAL,2013-14,700000,26,64300000,0.010886,Standard (1-way),L,1,1,0,1,17,78,-0.040000000000000036,0.010000000000000009,0.03,-0.06999999999999995,-36,0,-10,-3,27,12,-3,2,-14,29,4,89647,76501,7494,2686,91,76,4,8,3,2,0,1,118,106,7,0,27,22,4,1,39,34,2,1,2,1,0,1,1,0,0,1,1,1,0,0,0,0,0,0,122,100,2,7,17,14,1,1,-16,-16,0,-4,pre-covid
Josh Bailey,F,NYI,2013-14,3300000,24,64300000,0.051322,Standard (1-way),L,2,8,0,0,-8,77,0.08000000000000007,0.030000000000000027,-0.039999999999999994,0,121,0,31,2,44,-2,21,1,-6,103,11,73187,60615,1961,7767,98,78,1,15,8,6,0,2,44,41,0,1,39,36,2,0,39,34,0,5,11,7,0,3,3,1,0,2,113,77,7,18,115,78,6,10,29,25,0,2,30,20,0,7,0,-6,0,4,pre-covid
Josh Leivo,F,TOR,2013-14,792500,20,64300000,0.012325,Entry_Level,R,0,0,0,0,0,7,0.020000000000000018,0,-0.07,0.07999999999999996,-1,0,0,0,-3,0,0,0,0,2,0,4141,4039,11,58,4,4,0,0,1,1,0,0,5,5,0,0,2,2,0,0,1,0,0,0,0,0,0,0,0,0,0,0,0,0,0,0,1,1,0,0,0,0,0,0,1,1,0,0,2,2,0,0,pre-covid
Justin Braun,D,S.J,2013-14,1250000,26,64300000,0.01944,Standard (1-way),R,1,0,0,0,20,82,-0.050000000000000044,0.010000000000000009,-0.039999999999999994,-0.010000000000000009,103,2,15,-2,149,13,13,2,-19,63,4,103156,84567,10460,4850,121,99,4,11,4,3,0,1,77,69,5,1,40,34,3,3,39,36,2,0,3,1,0,2,0,0,0,0,0,0,0,0,0,0,0,0,146,99,3,26,13,13,0,0,0,2,0,-2,pre-covid
Justin Faulk,D,CAR,2013-14,840000,21,64300000,0.013064,Entry_Level,R,2,6,0,1,-9,76,-0.010000000000000009,0.020000000000000018,-0.06999999999999999,0.010000000000000009,-66,-18,-11,-13,-9,-9,0,-1,-19,113,13,106757,82449,10340,9060,152,105,2,32,5,3,0,1,94,82,10,0,41,33,1,3,47,40,2,4,6,2,0,1,1,0,0,0,0,0,0,0,0,0,0,0,102,76,5,15,27,17,1,6,-18,-18,0,0,pre-covid
Justin Schultz,D,EDM,2013-14,925000,23,64300000,0.014386,Entry_Level,R,1,11,0,0,-22,76,0.04999999999999999,-0.020000000000000018,0.03,0.040000000000000036,-62,-2,-13,-5,-178,-14,-27,-6,-3,143,16,106074,81225,4689,13923,111,64,1,30,11,9,0,1,34,29,1,0,21,14,2,3,64,53,3,4,6,3,0,2,2,1,0,1,0,0,0,0,1,0,0,0,113,87,4,13,22,10,0,8,2,2,0,-2,pre-covid
Keith Yandle,D,ARI,2013-14,5250000,27,64300000,0.081649,Standard (1-way),L,3,28,0,0,-23,82,0.12999999999999995,0.010000000000000009,0.10999999999999999,0.010000000000000009,200,17,1,8,-65,-7,-23,-3,-4,266,38,118799,91754,902,20612,241,146,0,70,8,4,0,3,22,18,0,3,31,25,0,4,65,40,0,18,8,2,0,3,1,0,0,0,0,0,0,0,0,0,0,0,105,92,2,1,45,15,0,26,-14,-10,9,-9,pre-covid
Kevin Connauton,D,DAL,2013-14,683333,23,64300000,0.010627,Standard (1-way),L,0,2,0,0,-6,36,0.010000000000000009,0,-0.039999999999999994,-0.06999999999999995,-15,-4,-13,0,-26,-4,-12,-1,0,18,2,33114,30505,374,1404,56,44,0,4,1,0,0,0,43,39,0,1,9,6,2,0,22,21,0,1,1,0,0,0,1,0,0,0,0,0,0,0,0,0,0,0,29,28,0,0,7,4,0,2,-8,-4,0,0,pre-covid
Kevin Czuczman,D,NYI,2013-14,925000,22,64300000,0.014386,Entry_Level,L,0,0,0,0,1,13,-0.07,-0.050000000000000044,-0.009999999999999981,-0.08000000000000007,-18,-8,7,1,-5,-5,7,3,-3,5,0,15244,13202,1288,452,24,21,1,1,0,0,0,0,15,15,0,0,6,6,0,0,6,6,0,0,1,1,0,0,0,0,0,0,1,1,0,0,0,0,0,0,13,11,0,1,2,2,0,0,-12,-12,0,0,pre-covid
Kevin Czuczman,D,NYI,2013-14,925000,22,64300000,0.014386,Entry_Level,L,0,0,0,0,-6,13,-0.07,-0.050000000000000044,-0.009999999999999981,-0.08000000000000007,-18,-8,7,1,-5,-5,7,3,-3,5,0,15244,13202,1288,452,24,21,1,1,0,0,0,0,15,15,0,0,6,6,0,0,6,6,0,0,1,1,0,0,0,0,0,0,1,1,0,0,0,0,0,0,13,11,0,1,2,2,0,0,-12,-12,0,0,pre-covid
Kevin Shattenkirk,D,STL,2013-14,4250000,24,64300000,0.066096,Standard (1-way),R,7,21,0,1,0,81,0.12,0.030000000000000027,0,0.030000000000000027,301,34,35,24,110,6,8,5,-2,195,26,99964,77820,3334,14942,188,110,2,57,10,3,0,5,72,66,1,2,38,32,3,3,37,28,3,4,10,1,0,7,7,0,0,5,0,0,0,0,0,0,0,0,101,88,4,4,35,14,1,15,-18,-12,-2,-4,pre-covid
Kris Letang,D,PIT,2013-14,3500000,26,64300000,0.054432,Standard (1-way),R,6,7,0,1,-6,37,0.030000000000000027,-0.010000000000000009,0.030000000000000006,-0.07999999999999996,86,5,3,2,22,-7,-6,-5,-6,111,14,53799,39243,4333,7988,108,66,0,30,11,3,0,5,43,35,5,1,9,9,0,0,39,26,4,5,7,1,0,4,5,0,0,3,0,0,0,0,0,0,0,0,51,43,0,6,11,4,0,5,8,6,6,-4,pre-covid
Kris Russell,D,CGY,2013-14,1500000,26,64300000,0.023328,Standard (1-way),L,4,8,0,1,-11,68,0.03999999999999998,-0.03999999999999998,0.06,0,31,9,30,7,-85,-8,6,1,0,123,19,94389,76076,3499,11074,109,80,0,16,7,2,0,4,42,39,1,1,25,20,3,1,39,31,3,4,5,1,0,1,0,0,0,0,0,0,0,0,0,0,0,0,201,177,3,6,22,12,1,7,2,0,2,0,pre-covid
Kyle Clifford,F,L.A,2013-14,1075000,22,64300000,0.016719,Standard (1-way),L,0,0,0,0,4,71,-0.030000000000000027,-0.029999999999999916,0.020000000000000004,0.12,21,5,0,0,23,6,2,1,-1,5,0,43286,41172,1269,625,74,72,0,0,3,3,0,0,189,187,0,2,12,12,0,0,16,15,0,1,3,2,0,0,0,0,0,0,6,6,0,0,6,4,0,0,13,13,0,0,5,5,0,0,-26,-26,0,0,pre-covid
Kyle Okposo,F,NYI,2013-14,2800000,25,64300000,0.043546,Standard (1-way),R,5,10,0,0,-9,71,0.12999999999999995,0.010000000000000009,0.04000000000000001,0.030000000000000027,215,22,37,4,-14,4,10,-2,-2,200,21,86988,67127,683,15518,195,133,0,44,27,19,0,5,43,42,0,1,44,42,1,0,39,31,0,7,25,14,0,8,6,4,0,2,97,57,4,26,107,58,8,5,35,32,0,1,42,29,0,5,2,8,2,-4,pre-covid
Kyle Palmieri,F,ANA,2013-14,1466667,22,64300000,0.02281,Standard (1-way),R,0,0,0,0,10,71,0.030000000000000027,-0.030000000000000027,-0.33,-0.010000000000000009,71,11,1,1,-6,11,-1,2,0,67,-2,50874,44215,2,5500,147,116,0,22,14,13,0,0,96,89,0,6,14,14,0,0,17,15,0,2,8,6,0,1,3,3,0,0,9,7,0,2,14,13,0,0,31,27,0,0,17,14,0,0,6,8,0,-4,pre-covid
Kyle Turris,F,OTT,2013-14,3500000,24,64300000,0.054432,Standard (1-way),R,6,8,2,1,22,82,0.030000000000000027,0.010000000000000009,0.01999999999999999,-0.020000000000000018,-17,28,15,10,-6,23,-8,-1,-13,128,17,92066,68748,8012,11209,215,161,15,25,26,16,2,6,45,43,1,1,51,35,11,4,39,26,5,6,16,7,0,6,8,1,0,5,724,495,95,84,705,512,66,70,33,23,0,7,32,23,1,7,20,16,6,-4,pre-covid
Lars Eller,F,MTL,2013-14,1150000,24,64300000,0.017885,Standard (1-way),L,2,1,2,2,-9,77,0.010000000000000009,0.019999999999999962,0.03,0.020000000000000018,-27,-15,10,4,-32,-18,4,3,-5,64,6,73742,59941,6207,5053,138,118,5,12,12,8,1,2,130,119,4,2,30,24,4,0,25,21,2,1,17,10,3,3,7,5,1,1,521,410,40,48,458,351,35,30,58,48,0,4,14,12,1,1,-14,-18,-2,6,pre-covid
Logan Couture,F,S.J,2013-14,2875000,24,64300000,0.044712,Standard (1-way),L,4,10,2,2,21,65,0.06999999999999995,0,0.05,0.050000000000000044,314,38,84,27,106,16,33,11,-3,222,20,73855,52873,5027,12503,233,144,11,63,23,13,2,4,16,14,1,0,39,33,4,2,43,31,3,6,33,14,3,8,11,5,0,2,479,407,20,24,471,398,21,28,68,48,1,14,31,17,2,8,18,8,0,6,pre-covid
Loui Eriksson,F,BOS,2013-14,4250000,28,64300000,0.066096,Standard (1-way),L,3,10,0,1,15,61,0.06999999999999995,0.039999999999999925,-0.01999999999999999,0.06000000000000005,134,23,13,8,83,14,0,-1,-7,112,17,60494,47027,5154,6803,115,88,8,18,10,8,0,2,12,10,2,0,31,27,3,0,17,14,0,3,14,8,0,5,4,2,0,2,0,0,0,0,0,0,0,0,13,9,0,2,27,14,1,9,14,14,0,0,pre-covid
Luke Glendening,F,DET,2013-14,575000,24,64300000,0.008942,Entry_Level,R,0,0,0,0,-10,56,-0.18000000000000005,-0.07,-0.07,-0.18999999999999995,-163,-24,-19,-11,-38,-9,-7,-1,-15,2,0,46751,36497,8758,281,54,45,6,2,1,1,0,0,92,83,8,0,12,8,3,0,7,7,0,0,6,1,3,0,0,0,0,0,329,244,65,3,349,240,4,32,38,20,0,3,6,6,0,0,4,0,-2,0,pre-covid
Luke Schenn,D,PHI,2013-14,3600000,24,64300000,0.055988,Standard (1-way),R,0,0,0,1,1,79,-0.09000000000000002,-0.030000000000000027,-0.010000000000000009,-0.48,-177,-9,-7,-5,-87,-1,6,1,-6,-1,0,78397,67274,9693,124,78,73,3,1,4,4,0,0,260,234,25,0,17,10,6,0,36,32,3,0,2,2,0,0,1,1,0,0,0,0,0,0,0,0,0,0,113,90,0,5,8,7,1,0,-10,-10,-2,0,pre-covid
Marc Staal,D,NYR,2013-14,3975000,26,64300000,0.06182,Standard (1-way),L,1,0,0,1,-1,72,-0.020000000000000018,0.030000000000000027,0.03,-0.08999999999999997,15,-8,-27,-9,112,0,-10,-4,-7,12,1,88610,75168,8150,1569,92,84,0,3,3,2,0,1,83,69,8,1,41,33,6,0,48,40,5,1,2,0,0,1,1,0,0,1,1,1,0,0,0,0,0,0,84,64,0,4,11,8,1,0,-12,-6,-2,-2,pre-covid
Marco Scandella,D,MIN,2013-14,1025000,23,64300000,0.015941,Standard (1-way),L,0,0,1,0,14,76,-0.02999999999999997,0.010000000000000009,0.020000000000000004,0.020000000000000018,-74,-3,-3,-7,34,13,10,3,-14,10,1,85780,73388,8533,1190,80,71,1,0,3,3,0,0,70,61,7,0,25,20,4,0,35,31,3,1,1,1,0,0,0,0,0,0,0,0,0,0,0,0,0,0,102,81,1,9,14,14,0,0,-6,-4,0,-2,pre-covid
Marcus Foligno,F,BUF,2013-14,826667,22,64300000,0.012856,Entry_Level,L,0,1,1,0,-17,74,0.010000000000000009,-0.010000000000000009,0.010000000000000009,0.040000000000000036,-138,-24,-15,-9,-130,-15,-8,-3,-7,49,1,66877,55999,4839,4653,79,71,2,2,7,6,1,0,206,190,8,5,36,30,5,1,19,18,1,0,11,9,0,0,3,3,0,0,146,116,6,17,155,130,5,2,43,34,0,4,12,11,0,1,-15,-6,-5,-4,pre-covid
Marcus Johansson,F,WSH,2013-14,2000000,23,64300000,0.031104,Standard (1-way),L,6,15,0,0,-21,80,0.10000000000000003,0,-0.03,0.040000000000000036,119,18,-10,5,-77,-15,-24,-10,-1,206,35,84184,65955,1573,14045,107,72,1,26,8,2,0,6,49,44,0,3,32,28,2,1,49,37,0,11,10,6,0,3,3,0,0,3,95,73,2,6,179,139,2,6,27,25,1,0,36,19,0,15,26,20,4,0,pre-covid
Mark Borowiecki,D,OTT,2013-14,575000,24,64300000,0.008942,Standard (1-way),L,0,0,0,0,-2,13,-0.08000000000000002,-0.020000000000000018,-0.11000000000000001,-0.8,-17,-3,0,-3,-4,-3,2,-2,0,0,0,9815,8526,1152,24,6,6,0,0,1,1,0,0,41,36,5,0,0,0,0,0,5,4,1,0,0,0,0,0,0,0,0,0,0,0,0,0,0,0,0,0,13,9,0,2,0,0,0,0,-13,-7,-6,0,pre-covid
Mark Giordano,D,CGY,2013-14,4020000,30,64300000,0.062519,Standard (1-way),L,7,13,0,3,12,64,0.11000000000000004,0.10000000000000003,0.030000000000000013,0.08000000000000007,154,22,0,6,96,6,-10,-3,-8,139,19,96898,70707,9960,11766,180,114,1,47,14,7,0,6,73,58,6,3,39,25,7,4,43,32,3,7,5,1,0,3,3,0,0,3,0,0,0,0,0,0,0,0,103,70,1,23,33,15,3,13,-18,-22,-4,3,pre-covid
Mark Pysyk,D,BUF,2013-14,900000,21,64300000,0.013997,Entry_Level,R,0,2,0,0,-11,44,-0.010000000000000009,0.030000000000000027,0.010000000000000009,0.050000000000000044,-121,-16,-7,-3,-69,-10,0,-1,-5,40,1,51802,41818,5596,3140,51,38,1,9,1,0,0,0,37,30,3,2,12,6,2,3,19,15,1,1,0,0,0,0,0,0,0,0,0,0,0,0,0,0,0,0,57,40,1,5,6,3,0,2,-6,-8,0,0,pre-covid
Mark Scheifele,F,WPG,2013-14,863333,20,64300000,0.013427,Entry_Level,R,1,3,0,0,9,63,0.050000000000000044,-0.010000000000000009,0.1,0.040000000000000036,93,18,8,5,-6,5,2,3,0,97,6,61834,52757,193,7141,100,82,1,14,13,11,0,1,63,61,0,2,31,29,0,1,22,17,0,5,11,7,0,4,3,2,0,1,331,262,1,56,454,360,20,2,39,37,0,0,21,14,0,2,26,22,0,0,pre-covid
Mark Stone,F,OTT,2013-14,603333,21,64300000,0.009383,Entry_Level,R,1,0,0,0,5,19,0.12,0.05999999999999994,0.19000000000000003,0.030000000000000027,59,9,12,3,27,4,1,-2,-1,30,4,16444,14517,219,1591,36,30,1,5,4,3,0,1,10,10,0,0,18,15,1,2,6,6,0,0,7,3,0,3,1,0,0,1,1,1,0,0,0,0,0,0,7,6,1,0,4,4,0,0,-2,0,0,-2,pre-covid
Mathieu Perreault,F,ANA,2013-14,1050000,25,64300000,0.01633,Standard (1-way),L,6,7,0,0,9,69,0.09999999999999998,0.020000000000000018,0.36,-0.030000000000000027,157,25,9,6,22,12,-2,0,0,91,9,57412,46371,119,8147,120,85,0,23,18,13,0,4,73,68,0,3,19,18,0,1,19,13,0,6,13,8,0,4,8,5,0,3,437,341,3,67,393,318,14,4,15,15,0,0,25,19,0,5,0,-2,0,-4,pre-covid
Mats Zuccarello,F,NYR,2013-14,1150000,26,64300000,0.017885,Standard (1-way),L,4,16,1,0,18,77,0.08999999999999997,0.020000000000000018,0,0,211,33,22,13,63,12,4,-3,-1,158,19,79185,61763,2600,11552,170,120,1,39,19,14,1,3,116,105,1,5,44,38,4,2,38,29,0,9,22,15,0,6,8,5,0,3,3,1,0,1,5,4,0,1,41,37,0,3,40,23,0,13,30,30,0,2,pre-covid
Matt Duchene,F,COL,2013-14,3500000,22,64300000,0.054432,Standard (1-way),L,5,14,0,0,7,71,0.13000000000000006,0.02999999999999997,0.33999999999999997,0.050000000000000044,187,33,30,11,2,1,4,-5,-1,132,22,78796,63249,1109,10636,217,164,1,29,23,13,0,5,53,44,1,1,40,32,0,1,36,29,0,6,28,12,0,9,11,5,0,3,532,439,7,55,526,457,21,7,44,39,0,0,47,31,0,8,50,48,0,-5,pre-covid
Matt Dumba,D,MIN,2013-14,894167,19,64300000,0.013906,Entry_Level,R,1,1,0,0,-5,13,0.10999999999999999,0.040000000000000036,-0.08,0.08999999999999997,15,-2,0,-1,3,-4,-1,-1,0,12,3,9710,8214,32,1281,12,9,0,3,1,0,0,1,9,8,0,0,2,1,0,1,5,5,0,0,0,0,0,0,0,0,0,0,0,0,0,0,0,0,0,0,3,3,0,0,1,0,0,1,2,0,0,0,pre-covid
Matt Irwin,D,S.J,2013-14,1000000,26,64300000,0.015552,Standard (1-way),L,1,5,0,0,4,62,0,-0.050000000000000044,0.03,-0.050000000000000044,115,18,21,8,36,3,11,1,0,81,12,69990,59885,659,7326,147,96,0,44,2,1,0,1,62,52,1,4,15,10,0,5,44,35,0,7,3,1,0,2,0,0,0,0,0,0,0,0,1,0,0,0,93,86,2,1,17,11,0,5,-8,-8,9,-9,pre-covid
Matt Martin,F,NYI,2013-14,1000000,24,64300000,0.015552,Standard (1-way),L,0,0,0,0,-11,79,-0.09000000000000002,-0.06,-0.09,-0.07000000000000006,-38,-19,-13,-3,-10,-6,-5,1,-11,16,2,56401,51174,3128,1238,120,111,2,5,8,8,0,0,359,356,0,2,22,17,4,0,15,15,0,0,11,10,0,0,3,3,0,0,3,2,1,0,6,4,0,0,42,35,0,3,6,6,0,0,2,0,0,0,pre-covid
Matt Nieto,F,S.J,2013-14,759167,21,64300000,0.011807,Entry_Level,L,1,3,0,0,-1,66,-0.040000000000000036,-0.030000000000000027,-0.06,-0.010000000000000009,61,-3,14,0,39,-4,11,0,-3,36,3,55744,49052,2114,3226,124,111,3,8,10,9,0,1,7,7,0,0,17,15,2,0,29,28,0,1,14,12,1,1,3,3,0,0,3,2,0,0,8,3,4,0,45,41,1,2,14,9,0,3,4,4,0,0,pre-covid
Mattias Ekholm,D,NSH,2013-14,900000,23,64300000,0.013997,Entry_Level,L,0,0,0,1,-8,62,-0.020000000000000018,0.010000000000000009,0.05,0.13,11,-16,-7,-5,47,-7,3,0,-8,10,1,62558,55740,4841,828,58,54,0,0,1,1,0,0,42,36,3,1,19,18,1,0,33,30,3,0,0,0,0,0,0,0,0,0,0,0,0,0,0,0,0,0,55,45,0,2,8,7,1,0,0,-2,0,0,pre-covid
Max Pacioretty,F,MTL,2013-14,4500000,25,64300000,0.069984,Standard (1-way),L,11,11,1,0,7,73,0.14999999999999997,0.08000000000000002,0.10999999999999999,0.040000000000000036,170,27,17,9,25,10,4,-1,-5,145,16,80992,60899,4393,12458,270,182,9,58,39,23,1,9,69,61,3,1,28,23,2,1,18,14,0,4,25,12,0,7,12,2,0,5,6,5,0,1,4,3,1,0,33,26,0,4,21,10,0,6,2,8,-2,-4,pre-covid
Michael Chaput,F,CBJ,2013-14,706667,21,64300000,0.01099,Entry_Level,L,0,0,0,0,0,17,-0.14,-0.13,-0.05,-1,-42,0,2,2,-42,0,2,2,0,0,0,9072,8869,139,59,6,6,0,0,0,0,0,0,34,33,0,1,5,4,1,0,1,1,0,0,0,0,0,0,0,0,0,0,42,42,0,0,56,54,0,0,10,9,0,0,1,1,0,0,4,4,0,0,pre-covid
Michael Del Zotto,D,NSH,2013-14,2550000,23,64300000,0.039658,Standard (1-way),L,1,4,0,0,-9,67,0.020000000000000018,-0.010000000000000009,0.020000000000000004,-0.020000000000000018,54,-2,-11,7,2,-6,-14,4,-4,62,9,69175,60754,1196,4871,90,78,0,10,3,2,0,1,78,73,1,2,15,15,0,0,31,27,0,3,1,1,0,0,1,1,0,0,0,0,0,0,1,1,0,0,75,69,0,0,13,8,0,4,-6,-8,0,0,pre-covid
Michael Raffl,F,PHI,2013-14,792500,25,64300000,0.012325,Entry_Level,L,0,0,0,0,1,68,-0.040000000000000036,0.040000000000000036,0.010000000000000009,-0.040000000000000036,-31,-5,-7,-4,20,2,-2,2,-7,5,0,53003,44743,6778,653,101,91,7,2,9,9,0,0,113,107,5,0,25,19,6,0,21,18,3,0,13,11,1,0,3,3,0,0,52,46,5,0,41,38,1,1,44,27,0,3,13,12,0,0,8,2,-2,6,pre-covid
Michael Stone,D,ARI,2013-14,1150000,23,64300000,0.017885,Standard (1-way),R,2,4,0,1,-10,70,-0.030000000000000027,-0.010000000000000009,-0.03,-0.050000000000000044,-114,-18,-32,-4,-67,-4,-22,-1,-14,62,8,76467,63137,5953,5270,105,87,0,17,8,6,0,2,153,141,5,3,9,7,2,0,5,2,1,1,3,1,0,2,1,0,0,1,0,0,0,0,0,0,0,0,114,90,3,13,13,8,1,4,-22,-20,0,-2,pre-covid
Mika Zibanejad,F,OTT,2013-14,894167,20,64300000,0.013906,Entry_Level,R,3,5,0,0,-15,69,0.06999999999999995,0.020000000000000018,-0.03,0.020000000000000018,60,-3,19,-1,-2,-8,7,-2,-1,76,9,59198,47612,1329,7510,153,119,1,20,16,11,0,3,118,110,0,3,31,25,2,3,18,15,0,3,17,10,0,4,5,3,0,1,183,150,0,19,214,159,11,7,28,22,0,2,17,12,0,4,16,16,0,-2,pre-covid
Mikael Backlund,F,CGY,2013-14,1500000,24,64300000,0.023328,Standard (1-way),L,5,6,4,0,4,76,0.07,0.08000000000000002,0.03,0,74,7,2,3,50,2,-7,0,-9,81,15,84521,65036,8333,7497,178,131,17,20,18,7,4,4,64,61,1,1,63,55,6,1,40,30,1,7,21,7,5,6,9,2,2,3,628,446,79,57,694,497,61,71,62,46,0,13,21,13,0,6,8,10,-2,-2,pre-covid
Mikael Granlund,F,MIN,2013-14,900000,21,64300000,0.013997,Entry_Level,L,2,10,0,0,0,63,0.040000000000000036,-0.020000000000000018,-0.09999999999999999,0.010000000000000009,80,13,7,4,6,5,-7,0,-3,96,13,65482,51621,1698,9209,104,80,0,16,8,5,0,1,38,38,0,0,27,25,0,2,24,18,0,4,7,3,0,2,4,2,0,1,415,332,14,56,374,306,24,11,46,35,0,4,33,23,0,9,8,2,2,2,pre-covid
Mike Hoffman,F,OTT,2013-14,660000,24,64300000,0.010264,Standard (2-way),L,1,2,0,0,-2,25,0.08999999999999997,0.010000000000000009,-0.33,0.030000000000000027,50,5,17,6,12,1,0,0,0,40,5,19778,15759,7,3255,61,45,0,14,3,2,0,1,18,17,0,0,18,18,0,0,9,9,0,0,9,3,0,4,1,0,0,1,6,4,1,0,3,3,0,0,7,6,0,0,3,1,0,2,6,6,0,2,pre-covid
Milan Lucic,F,BOS,2013-14,6000000,25,64300000,0.093313,Standard (1-way),L,3,9,0,0,33,80,0.08999999999999997,0,-0.18,-0.020000000000000018,225,56,44,25,67,27,7,4,0,148,22,83403,70451,135,10684,153,120,0,28,24,18,0,3,240,225,0,7,33,29,0,3,71,58,0,12,18,10,0,6,7,2,0,3,61,16,1,40,70,33,6,0,22,20,0,0,35,21,0,9,-2,2,0,-4,pre-covid
Morgan Rielly,D,TOR,2013-14,894167,19,64300000,0.013906,Entry_Level,L,1,11,0,0,-13,73,0.07,0.020000000000000018,0.1,-0.020000000000000018,-93,4,-9,3,-167,-7,-15,-1,-1,74,15,77238,66390,548,8233,96,75,1,13,2,1,0,1,96,90,0,2,38,30,0,4,71,61,0,7,2,0,0,2,1,0,0,1,0,0,0,0,0,0,0,0,92,89,0,1,25,14,0,11,0,2,0,-4,pre-covid
Nate Schmidt,D,WSH,2013-14,925000,22,64300000,0.014386,Entry_Level,L,0,0,0,0,4,29,0.010000000000000009,0.030000000000000027,0.09999999999999999,-0.06999999999999995,-46,2,3,5,-27,5,6,6,-2,3,0,32528,30350,1029,320,41,36,0,1,2,2,0,0,18,18,0,0,10,7,1,0,21,20,0,0,0,0,0,0,0,0,0,0,0,0,0,0,0,0,0,0,35,30,0,1,4,3,0,0,10,10,0,0,pre-covid
Nate Thompson,F,T.B,2013-14,1600000,29,64300000,0.024883,Standard (1-way),L,0,0,2,0,2,81,-0.07,0,-0.039999999999999994,-0.39,-86,-16,-24,-8,54,0,-1,4,-16,-1,0,62521,51608,9460,182,105,96,4,0,9,6,2,0,114,114,0,0,28,20,8,0,9,5,3,0,9,6,0,0,3,2,0,0,496,393,77,3,478,363,5,19,45,28,0,3,7,6,0,0,-8,-6,-4,0,pre-covid
Nathan Beaulieu,D,MTL,2013-14,925000,21,64300000,0.014386,Entry_Level,L,0,1,0,0,9,17,0.02999999999999997,0,0,-0.050000000000000044,-13,6,6,2,-17,7,5,2,0,9,0,13493,12101,0,1175,15,12,0,3,0,0,0,0,7,7,0,0,1,0,0,1,13,13,0,0,0,0,0,0,0,0,0,0,0,0,0,0,0,0,0,0,20,20,0,0,2,2,0,0,0,0,0,0,pre-covid
Nathan Gerbe,F,CAR,2013-14,1450000,26,64300000,0.022551,Standard (1-way),L,3,4,2,0,-6,81,0.040000000000000036,0.030000000000000027,0.03999999999999998,-0.030000000000000027,68,-5,11,1,13,-5,1,1,-4,84,5,79710,65427,4630,7895,221,188,8,18,16,10,2,2,53,47,3,2,48,36,5,4,34,25,0,7,16,11,2,2,8,5,2,0,2,2,0,0,4,0,0,3,15,12,0,2,15,10,0,4,8,16,-2,-4,pre-covid
Nathan Gerbe,F,CAR,2013-14,550000,26,64300000,0.008554,Standard (1-way),L,3,4,2,0,-6,81,0.040000000000000036,0.030000000000000027,0.03999999999999998,-0.030000000000000027,68,-5,11,1,13,-5,1,1,-4,84,5,79710,65427,4630,7895,221,188,8,18,16,10,2,2,53,47,3,2,48,36,5,4,34,25,0,7,16,11,2,2,8,5,2,0,2,2,0,0,4,0,0,3,15,12,0,2,15,10,0,4,8,16,-2,-4,pre-covid
Nathan Gerbe,F,CAR,2013-14,91667,26,64300000,0.001426,Standard (1-way),L,3,4,2,0,-6,81,0.040000000000000036,0.030000000000000027,0.03999999999999998,-0.030000000000000027,68,-5,11,1,13,-5,1,1,-4,84,5,79710,65427,4630,7895,221,188,8,18,16,10,2,2,53,47,3,2,48,36,5,4,34,25,0,7,16,11,2,2,8,5,2,0,2,2,0,0,4,0,0,3,15,12,0,2,15,10,0,4,8,16,-2,-4,pre-covid
Nazem Kadri,F,TOR,2013-14,2900000,23,64300000,0.045101,Standard (1-way),L,7,11,0,0,-11,78,0.09000000000000002,0.030000000000000027,0.06000000000000001,-0.040000000000000036,-80,9,-1,5,-160,-7,-6,-2,0,88,15,81386,66944,688,10658,148,120,0,22,20,12,0,6,141,129,0,4,44,35,0,1,57,47,0,6,14,7,0,5,7,1,0,4,510,399,3,78,617,506,26,3,34,28,0,1,30,19,0,11,32,34,0,-6,pre-covid
Nick Bjugstad,F,FLA,2013-14,900000,21,64300000,0.013997,Entry_Level,R,0,3,1,1,-14,76,0.040000000000000036,-0.010000000000000009,0.010000000000000009,-0.010000000000000009,66,-14,-11,-14,15,-6,-3,-3,-5,88,5,73959,60364,1398,9222,185,149,2,28,16,15,1,0,117,113,0,2,37,31,1,3,28,21,0,5,19,15,0,3,5,5,0,0,549,425,11,72,574,471,28,21,23,22,0,0,22,18,1,3,4,6,0,-2,pre-covid
Nick Bonino,F,ANA,2013-14,700000,25,64300000,0.010886,Standard (1-way),L,8,14,0,0,17,77,0.040000000000000036,0,-0.03,0.040000000000000036,152,29,2,3,43,16,-9,-1,-9,181,18,74981,51651,7153,12462,159,98,8,35,22,14,0,5,28,27,0,1,37,24,8,3,35,21,5,9,15,4,2,4,4,1,0,2,583,398,50,105,611,406,92,66,68,48,0,11,27,14,0,11,-4,-4,0,-2,pre-covid
Nick Foligno,F,CBJ,2013-14,3083333,26,64300000,0.047952,Standard (1-way),L,3,3,0,0,5,70,0.050000000000000044,0.010000000000000009,-0.01999999999999999,-0.020000000000000018,77,13,15,4,28,9,5,0,-2,59,6,67445,57816,861,6879,111,96,1,9,18,14,0,2,210,197,1,11,43,41,1,1,22,16,0,6,13,7,0,3,8,5,0,1,6,4,1,1,7,4,0,1,42,38,0,0,21,18,0,1,4,-3,2,-2,pre-covid
Nick Holden,D,COL,2013-14,600000,26,64300000,0.009331,Standard (1-way),L,4,5,0,1,14,54,0.02999999999999997,0.010000000000000009,0.020000000000000004,0.08000000000000007,-21,16,-2,1,-34,8,-6,-1,-7,76,13,60533,48455,4729,5438,66,48,2,11,10,7,0,2,118,107,6,2,10,10,0,0,22,21,1,0,3,1,0,1,3,1,0,1,0,0,0,0,0,0,0,0,57,47,0,8,15,7,1,5,-10,-6,-2,2,pre-covid
Nick Leddy,D,CHI,2013-14,2700000,22,64300000,0.041991,Standard (1-way),L,5,9,0,0,7,82,0.07999999999999996,0.019999999999999907,0.25,0.010000000000000009,276,26,32,15,155,11,20,5,0,108,16,80496,68916,166,9652,123,94,0,24,7,3,0,4,52,47,1,2,12,11,0,0,35,33,0,2,6,2,0,3,2,0,0,2,0,0,0,0,0,0,0,0,45,43,0,0,24,16,0,6,6,4,0,0,pre-covid
Nicklas Backstrom,F,WSH,2013-14,6700000,26,64300000,0.104199,Standard (1-way),L,6,38,1,0,-20,82,0.13000000000000006,0.020000000000000018,0.03,0.07000000000000006,170,24,-3,15,-69,-16,-12,-4,-4,281,45,97426,71743,4264,17097,196,125,6,51,18,10,1,6,89,77,3,3,54,43,1,4,24,15,0,9,14,6,1,5,4,0,1,2,714,522,28,100,701,543,50,29,54,42,0,9,61,18,0,36,-10,-12,2,-4,pre-covid
Nicolas Deslauriers,F,BUF,2013-14,608333,22,64300000,0.009461,Entry_Level,L,0,0,0,0,-10,17,0.10000000000000003,0.050000000000000044,-0.19,-0.010000000000000009,7,-9,-11,-4,-7,-7,-11,-2,0,17,0,13405,11360,34,1776,30,27,0,3,1,1,0,0,51,51,0,0,2,2,0,0,1,1,0,0,1,1,0,0,0,0,0,0,0,0,0,0,1,1,0,0,3,3,0,0,0,0,0,0,-4,-4,0,0,pre-covid
Nikita Kucherov,F,T.B,2013-14,711667,20,64300000,0.011068,Entry_Level,L,3,1,0,0,3,52,0.07000000000000006,0.030000000000000027,-0.21,0,131,9,12,7,82,5,2,1,0,36,6,40919,36041,19,3615,102,84,0,15,9,6,0,3,15,14,0,1,17,17,0,0,17,15,0,2,9,2,0,6,4,1,0,3,1,1,0,0,0,0,0,0,19,19,0,0,9,8,0,1,0,0,0,0,pre-covid
Nikita Zadorov,D,BUF,2013-14,925000,18,64300000,0.014386,Entry_Level,L,0,0,0,0,-4,7,-0.04999999999999999,-0.019999999999999962,-0.11,0.13,-33,-4,-3,-2,-23,-3,-2,-1,0,0,0,7212,6554,404,77,4,4,0,0,1,1,0,0,25,23,1,0,1,1,0,0,5,4,1,0,0,0,0,0,0,0,0,0,0,0,0,0,0,0,0,0,3,3,0,0,0,0,0,0,-4,-4,0,0,pre-covid
Nino Niederreiter,F,MIN,2013-14,870000,21,64300000,0.01353,Entry_Level,L,2,4,0,0,12,81,0.07000000000000006,0.020000000000000018,-0.11,0.050000000000000044,98,23,13,6,32,11,-1,-2,0,65,9,68501,60780,35,6550,143,123,0,15,14,11,0,2,175,168,0,5,37,36,0,0,24,22,0,2,14,11,0,3,3,2,0,1,7,6,0,1,19,17,0,0,23,23,0,0,22,15,0,4,-12,-6,0,-6,pre-covid
Olli Maatta,D,PIT,2013-14,894167,19,64300000,0.013906,Entry_Level,L,3,3,1,0,10,78,0.020000000000000018,0.030000000000000027,0.049999999999999996,0.020000000000000018,70,13,-4,3,59,7,3,-1,-4,70,9,86575,72654,5020,5671,119,92,1,17,9,6,0,3,41,35,3,1,10,8,0,1,35,31,1,3,7,3,1,3,5,3,0,2,0,0,0,0,0,0,0,0,112,90,1,8,20,15,0,3,10,6,0,4,pre-covid
Ondrej Palat,F,T.B,2013-14,575000,22,64300000,0.008942,Entry_Level,L,4,8,3,2,33,81,-0.010000000000000009,0,0.06000000000000001,0.020000000000000018,2,36,17,18,39,25,10,7,-6,81,17,87648,67122,9714,7645,165,126,14,16,23,15,2,3,146,136,5,3,47,34,8,2,38,32,2,4,17,9,2,3,7,3,0,2,5,4,0,0,32,21,2,4,64,41,0,14,36,24,2,7,16,12,0,4,pre-covid
Oscar Klefbom,D,EDM,2013-14,894167,20,64300000,0.013906,Entry_Level,L,0,0,0,0,-6,17,0.010000000000000009,0.010000000000000009,0.13,0.19999999999999996,-22,-6,0,-2,-15,-7,0,-2,1,3,0,16113,14829,634,123,14,12,0,2,1,1,0,0,6,4,1,1,3,3,0,0,9,7,1,0,1,0,0,1,0,0,0,0,0,0,0,0,0,0,0,0,25,21,0,0,2,2,0,0,6,6,0,0,pre-covid
Patric Hornqvist,F,NSH,2013-14,4250000,26,64300000,0.066096,Standard (1-way),R,7,10,0,0,1,76,0.12999999999999995,0.030000000000000027,-0.08,0.040000000000000036,261,30,35,24,75,2,12,9,0,154,24,76875,62066,50,12535,248,201,0,36,22,15,0,5,77,69,0,6,53,47,0,4,13,7,0,6,29,18,0,7,11,6,0,3,0,0,0,0,6,5,1,0,34,31,1,0,31,20,0,8,30,30,0,-4,pre-covid
Patrice Bergeron,F,BOS,2013-14,5000000,28,64300000,0.07776,Standard (1-way),R,7,8,1,3,39,80,0.07999999999999996,0.08999999999999997,0.01999999999999999,0.020000000000000018,243,44,28,12,197,27,15,1,-8,127,17,86358,64838,8843,9008,243,174,8,42,30,19,0,7,52,45,5,0,49,37,7,3,28,23,2,2,20,13,1,3,8,3,0,2,1015,732,115,97,717,495,74,94,57,43,0,11,32,21,3,4,-6,-4,-4,0,pre-covid
Patrick Kane,F,CHI,2013-14,6300000,25,64300000,0.097978,Standard (1-way),L,11,19,0,0,12,69,0.10999999999999999,0,0.26,-0.020000000000000018,314,39,39,26,116,15,18,10,0,160,24,81186,65169,65,13024,227,164,0,46,29,18,0,8,16,13,0,2,44,37,0,3,23,19,0,4,25,13,0,7,11,3,0,6,4,3,0,0,4,3,0,0,15,13,0,0,40,23,0,13,6,6,0,0,pre-covid
Patrick Maroon,F,ANA,2013-14,575000,25,64300000,0.008942,Standard (1-way),L,2,6,0,0,8,62,0.12,0.050000000000000044,-0.19,0,139,22,7,6,48,13,-5,0,0,64,10,45804,38149,70,6026,93,81,0,9,11,10,0,1,124,115,0,6,15,14,0,1,15,12,0,3,9,6,0,1,0,0,0,0,7,7,0,0,8,7,0,1,16,16,0,0,18,15,0,3,14,12,0,0,pre-covid
Patrik Nemeth,D,DAL,2013-14,763333,21,64300000,0.011871,Entry_Level,L,0,0,0,0,-5,8,-0.08000000000000002,-0.04999999999999999,0.03,0,-3,-3,2,-1,-3,-3,3,-1,0,0,0,6608,6071,297,0,3,3,0,0,0,0,0,0,16,16,0,0,1,1,0,0,5,5,0,0,0,0,0,0,0,0,0,0,0,0,0,0,0,0,0,0,11,11,0,0,0,0,0,0,-4,-4,0,0,pre-covid
Paul Byron,F,CGY,2013-14,643500,24,64300000,0.010008,Standard (1-way),L,2,1,1,3,6,47,0.020000000000000018,0.030000000000000027,0.03,-0.050000000000000044,16,5,-10,-4,21,2,-5,-1,1,22,3,40729,34102,3644,1958,46,36,3,5,7,4,1,2,63,55,2,3,29,21,6,0,13,12,1,0,7,3,1,2,3,1,1,1,7,5,1,1,25,19,0,2,10,8,0,2,14,7,3,1,-1,1,-2,-2,pre-covid
Paul Stastny,F,COL,2013-14,6600000,28,64300000,0.102644,Standard (1-way),L,5,11,1,1,8,71,0.09000000000000002,0.03999999999999998,-0.009999999999999995,-0.040000000000000036,112,26,20,6,36,12,6,-1,-1,100,16,78351,62760,2430,9444,151,120,1,13,25,17,0,3,54,45,0,4,35,28,2,1,20,15,0,4,29,18,0,3,13,6,0,3,655,503,24,79,555,446,33,16,46,37,1,2,35,20,1,10,4,6,0,0,pre-covid
Phil Kessel,F,TOR,2013-14,5400000,26,64300000,0.083981,Standard (1-way),R,8,12,0,0,-5,82,0.12,0.020000000000000018,-0.07,0,96,23,3,12,-122,8,-12,2,0,192,18,101678,81932,142,14799,305,215,0,70,37,27,0,8,25,20,0,2,37,34,0,1,88,65,0,16,21,14,0,6,13,8,0,5,2,2,0,0,12,7,1,1,30,28,0,0,43,28,0,9,6,-1,0,5,pre-covid
Radko Gudas,D,T.B,2013-14,991667,23,64300000,0.015423,Standard (1-way),R,1,3,0,0,1,73,-0.06,-0.030000000000000027,-0.010000000000000009,-0.020000000000000018,-100,-7,-17,0,-19,2,-8,2,-13,28,3,83776,70712,7407,3255,114,99,1,6,3,1,0,1,273,224,21,11,13,10,1,0,36,31,4,1,3,2,0,1,1,0,0,1,0,0,0,0,0,0,0,0,138,107,1,12,19,14,0,3,-40,-36,0,-4,pre-covid
Rasmus Ristolainen,D,BUF,2013-14,925000,19,64300000,0.014386,Entry_Level,R,0,0,0,0,-15,34,0.010000000000000009,-0.010000000000000009,0.07,0.040000000000000036,-66,-15,-28,-11,-65,-12,-21,-8,-2,37,0,38998,32216,2614,3199,52,35,2,12,2,2,0,0,66,60,4,1,9,9,0,0,19,17,1,0,2,0,0,2,0,0,0,0,0,0,0,0,1,0,0,1,32,28,0,2,2,2,0,0,2,0,0,2,pre-covid
Reilly Smith,F,BOS,2013-14,900000,22,64300000,0.013997,Entry_Level,L,8,9,0,0,33,82,0.12,0.06999999999999995,-0.18,0,271,50,38,16,139,25,11,-1,0,115,19,72355,62998,37,7700,146,116,0,23,20,12,0,6,63,60,0,3,35,34,0,0,41,35,0,4,14,8,0,5,7,3,0,3,0,0,0,0,2,2,0,0,14,13,0,0,31,21,0,8,-4,-4,0,0,pre-covid
Richard Panik,F,T.B,2013-14,740000,22,64300000,0.011509,Entry_Level,L,0,4,0,0,-11,50,0.020000000000000018,-0.050000000000000044,-0.08,0.010000000000000009,21,-4,-2,2,-13,-10,-9,-3,-1,36,5,38077,33270,202,3899,56,47,0,9,3,3,0,0,70,70,0,0,16,13,0,2,23,20,0,2,2,2,0,0,1,1,0,0,3,3,0,0,5,3,0,0,16,16,0,0,10,5,0,4,13,9,0,2,pre-covid
Rickard Rakell,F,ANA,2013-14,894167,20,64300000,0.013906,Entry_Level,R,1,1,0,0,-5,18,0.050000000000000044,0.07000000000000006,0.2,0.06999999999999995,37,-2,6,3,28,-4,5,1,0,6,1,12658,11773,112,327,22,22,0,0,0,0,0,0,21,21,0,0,5,5,0,0,4,4,0,0,4,4,0,0,0,0,0,0,95,94,0,0,99,94,0,0,4,4,0,0,4,4,0,0,2,2,0,0,pre-covid
Riley Nash,F,CAR,2013-14,575000,24,64300000,0.008942,Standard (1-way),R,1,2,0,1,0,73,-0.010000000000000009,0,-0.010000000000000009,0.06000000000000005,14,7,5,-1,10,2,5,-2,1,49,7,55492,47260,3187,3403,86,71,1,9,10,9,0,1,81,78,0,1,54,46,5,1,18,14,1,3,13,10,0,2,2,1,0,1,306,274,5,17,360,322,8,6,22,21,0,1,14,10,1,2,3,5,-2,0,pre-covid
Riley Sheahan,F,DET,2013-14,785000,22,64300000,0.012208,Entry_Level,L,2,3,0,0,7,42,0.13,0.050000000000000044,-0.14,0.06999999999999995,118,15,9,3,39,11,0,1,0,70,6,36413,29870,41,4968,59,45,0,11,9,7,0,2,25,21,0,3,17,15,0,0,9,8,0,1,4,2,0,2,2,1,0,1,251,190,0,44,261,214,2,1,16,15,0,0,15,11,0,3,16,14,0,0,pre-covid
Robert Bortuzzo,D,PIT,2013-14,600000,24,64300000,0.009331,Standard (1-way),R,0,0,0,1,-2,54,-0.09000000000000002,-0.03999999999999998,0.060000000000000005,0.10999999999999999,-99,-5,12,0,-33,-5,10,-1,-2,1,1,50151,44665,4151,164,50,48,0,0,0,0,0,0,137,118,16,0,6,5,0,0,11,8,1,0,1,1,0,0,0,0,0,0,0,0,0,0,1,1,0,0,73,64,0,1,10,8,1,0,-16,-16,-12,0,pre-covid
Roman Josi,D,NSH,2013-14,4000000,23,64300000,0.062208,Standard (1-way),L,3,10,0,0,-2,72,0.010000000000000009,0.010000000000000009,0,0.010000000000000009,15,0,22,14,10,-4,13,8,-19,146,22,113999,86042,10683,12674,168,121,2,33,13,10,0,2,32,25,3,1,22,17,2,0,34,19,7,5,5,2,0,2,1,0,0,0,0,0,0,0,0,0,0,0,150,117,4,17,27,13,0,10,4,0,2,0,pre-covid
Ryan Ellis,D,NSH,2013-14,840000,22,64300000,0.013064,Entry_Level,R,0,6,0,0,9,80,0.08000000000000002,0.020000000000000018,-0.09,-0.030000000000000027,150,25,28,19,33,10,10,7,0,94,13,77123,66768,330,7975,123,91,0,28,6,6,0,0,57,50,0,3,17,13,0,3,42,38,0,4,3,2,0,1,2,2,0,0,0,0,0,0,0,0,0,0,97,88,2,1,21,13,0,6,4,0,0,0,pre-covid
Ryan Getzlaf,F,ANA,2013-14,8250000,28,64300000,0.128305,Standard (1-way),R,6,23,0,1,26,77,0.06000000000000005,0.010000000000000009,-0.03,0,203,45,19,6,80,34,10,7,-12,203,24,98338,67217,9358,15867,204,137,4,49,31,23,0,4,110,83,10,6,53,35,11,5,76,48,3,25,19,13,2,2,10,7,0,1,692,507,89,48,719,513,34,116,87,60,2,17,56,36,0,16,18,20,-2,0,pre-covid
Ryan Johansen,F,CBJ,2013-14,870000,21,64300000,0.01353,Entry_Level,R,9,15,0,0,1,82,0.07000000000000006,0.010000000000000009,-0.010000000000000009,-0.010000000000000009,139,25,18,12,25,5,-3,-2,-8,149,21,86821,67402,3523,11872,237,171,5,44,33,22,0,4,114,104,2,6,39,33,3,2,40,28,0,10,29,12,1,8,12,2,0,4,692,500,44,94,619,461,62,44,39,32,0,2,30,15,0,12,-16,-10,0,-4,pre-covid
Ryan Kesler,F,VAN,2013-14,5000000,29,64300000,0.07776,Standard (1-way),R,9,7,1,0,-15,77,0.07000000000000006,0.010000000000000009,-0.05,0.12,240,-9,0,-10,46,1,1,-2,-15,263,20,100787,71135,9450,15261,239,136,7,75,25,14,1,6,133,119,3,6,47,34,7,3,28,21,3,4,32,18,0,11,13,5,0,5,740,516,72,103,666,433,68,95,68,47,0,15,18,11,0,6,1,3,0,0,pre-covid
Ryan Murphy,D,CAR,2013-14,863333,20,64300000,0.013427,Entry_Level,R,1,2,0,0,-9,48,0.050000000000000044,-0.010000000000000009,0.38,-0.030000000000000027,20,-5,-6,-5,-53,-6,-11,-4,0,66,3,52662,43252,189,6987,81,63,0,15,2,1,0,1,22,17,0,3,32,28,0,4,46,37,0,5,1,0,0,1,1,0,0,1,0,0,0,0,0,0,0,0,58,54,1,0,10,7,0,2,10,10,0,-4,pre-covid
Ryan Murray,D,CBJ,2013-14,894167,20,64300000,0.013906,Entry_Level,L,3,5,0,1,3,66,0.040000000000000036,0.040000000000000036,0.06000000000000001,-0.010000000000000009,10,0,2,1,-6,4,-3,2,-12,96,11,78688,61353,6859,7777,62,40,2,19,4,1,0,3,26,22,3,0,12,10,0,1,26,23,0,2,3,0,0,3,2,0,0,2,0,0,0,0,0,0,0,0,97,74,3,15,17,10,1,4,-4,-2,0,-4,pre-covid
Ryan Reaves,F,STL,2013-14,600000,26,64300000,0.009331,Standard (1-way),R,0,0,0,0,-2,63,-0.08000000000000002,-0.09000000000000002,0,0.12,-11,-1,-4,1,-15,-1,-5,1,0,0,0,32215,32010,0,51,25,23,0,0,2,2,0,0,211,211,0,0,12,12,0,0,6,6,0,0,2,1,0,0,0,0,0,0,6,6,0,0,2,2,0,0,12,12,0,0,6,6,0,0,-8,-8,0,0,pre-covid
Ryan Strome,F,NYI,2013-14,863333,20,64300000,0.013427,Entry_Level,R,4,3,0,0,-1,37,0.11999999999999994,0.040000000000000036,-0.21,-0.020000000000000018,100,12,23,11,22,1,10,7,0,51,10,33720,27553,84,4563,89,70,0,11,7,3,0,3,29,28,0,0,21,18,0,1,22,17,0,3,9,5,0,3,4,2,0,1,165,134,1,19,209,191,3,1,8,6,0,0,11,8,0,2,-2,0,0,0,pre-covid
Ryan Suter,D,MIN,2013-14,7538462,28,64300000,0.117239,Standard (1-way),L,4,17,0,1,10,82,0.04999999999999999,0,-0.009999999999999995,0.040000000000000036,37,28,35,19,-33,15,4,7,-17,222,26,144666,109670,11137,17448,150,95,2,35,8,3,0,2,72,55,6,2,30,21,3,1,41,26,0,10,9,2,1,5,2,1,0,1,1,0,0,1,0,0,0,0,132,92,7,21,35,18,1,13,-20,-20,0,2,pre-covid
Sam Gagner,F,EDM,2013-14,4800000,24,64300000,0.07465,Standard (1-way),R,1,6,0,1,-29,67,0.08000000000000002,0,0.12000000000000001,-0.010000000000000009,15,-18,-10,-10,-87,-24,-14,-9,-2,91,7,73874,58352,1651,9965,143,106,3,20,10,6,0,1,33,28,1,1,28,24,1,1,47,32,1,10,10,5,0,2,3,1,0,1,451,353,4,67,512,405,37,11,34,32,0,0,27,17,1,5,-23,-23,0,0,pre-covid
Scott Mayfield,D,NYI,2013-14,925000,21,64300000,0.014386,Entry_Level,R,0,0,0,0,-3,5,-0.050000000000000044,-0.010000000000000009,-0.019999999999999962,-0.72,-3,-4,3,0,2,-3,1,0,-1,0,0,5210,4601,516,11,7,7,0,0,0,0,0,0,7,7,0,0,2,1,1,0,2,2,0,0,0,0,0,0,0,0,0,0,0,0,0,0,0,0,0,0,8,7,0,1,0,0,0,0,0,0,0,0,pre-covid
Sean Couturier,F,PHI,2013-14,925000,21,64300000,0.014386,Entry_Level,L,0,3,1,4,-2,82,-0.07,-0.010000000000000009,0.020000000000000018,0.06000000000000005,-144,-17,-22,-11,-68,-8,-8,-7,-17,75,7,93907,68302,15834,6102,165,125,16,14,13,11,1,0,64,58,3,1,47,32,9,0,40,29,7,3,13,10,1,0,3,1,1,0,646,488,97,24,707,514,20,101,40,26,1,9,26,17,3,3,4,4,2,-4,pre-covid
Sean Monahan,F,CGY,2013-14,925000,19,64300000,0.014386,Entry_Level,L,3,4,0,0,-20,75,0.030000000000000027,-0.03999999999999998,0.09999999999999998,-0.020000000000000018,3,-6,20,0,-90,-13,5,-2,-1,88,8,71901,59751,1102,8724,140,113,3,19,22,18,0,2,42,40,0,1,26,24,1,0,31,24,1,4,18,9,1,7,7,5,0,2,476,403,5,47,560,483,22,13,23,23,0,0,12,6,0,4,4,4,0,0,pre-covid
Seth Jones,D,NSH,2013-14,925000,19,64300000,0.014386,Entry_Level,R,2,7,0,0,-23,77,0.020000000000000018,0.030000000000000027,-0.039999999999999994,0.030000000000000027,29,-18,-10,0,12,-25,-12,-5,-11,97,15,90646,72331,7490,8592,100,74,1,17,6,3,0,2,55,46,5,3,25,18,4,3,57,44,5,7,2,0,0,1,2,0,0,1,0,0,0,0,0,0,0,0,99,79,3,12,19,10,0,5,-2,-4,2,0,pre-covid
Shea Weber,D,NSH,2013-14,7857143,28,64300000,0.122195,Standard (1-way),R,12,14,0,0,-2,79,0.010000000000000009,-0.010000000000000009,0.009999999999999995,0.020000000000000018,-7,8,12,15,-29,-2,5,7,-20,166,28,127395,96268,11999,13946,195,120,10,48,23,8,0,11,169,137,18,4,35,26,4,2,50,44,4,1,9,1,0,7,9,1,0,7,0,0,0,0,0,0,0,0,173,124,2,36,33,18,0,12,-18,-26,2,6,pre-covid
Sidney Crosby,F,PIT,2013-14,8700000,26,64300000,0.135303,Standard (1-way),L,11,31,0,0,14,80,0.18,0.07,0.020000000000000004,0.040000000000000036,452,72,67,40,133,18,19,4,-2,323,46,105467,77947,2225,19855,259,170,1,70,36,20,0,11,47,41,1,3,41,35,1,1,56,32,0,21,28,13,0,9,12,3,0,7,991,640,38,238,896,618,119,44,28,26,0,1,68,35,0,24,16,12,0,2,pre-covid
Steven Stamkos,F,T.B,2013-14,7500000,23,64300000,0.116641,Standard (1-way),R,9,5,1,0,10,37,0.11999999999999994,0.020000000000000018,0.1,0.020000000000000018,102,27,18,13,1,9,5,3,-1,91,15,44953,33454,1179,7976,124,66,2,42,25,14,1,8,50,46,1,1,24,20,1,1,13,11,0,2,17,9,1,5,10,4,1,4,260,196,9,37,269,207,26,14,16,13,0,1,15,9,0,3,12,10,2,-2,pre-covid
Sven Baertschi,F,CGY,2013-14,894167,21,64300000,0.013906,Entry_Level,L,1,3,0,0,-4,26,0.010000000000000009,-0.010000000000000009,-0.2,-0.08999999999999997,-11,0,1,3,-25,-3,-1,2,0,10,4,22014,20067,15,1704,30,26,0,3,2,1,0,1,22,22,0,0,9,9,0,0,13,10,0,3,4,3,0,1,2,1,0,1,0,0,0,0,0,0,0,0,19,18,0,0,9,6,0,3,10,8,0,0,pre-covid
Tanner Pearson,F,L.A,2013-14,735833,21,64300000,0.011444,Entry_Level,L,1,0,0,0,12,25,0.020000000000000018,-0.010000000000000009,0.009999999999999995,-0.050000000000000044,31,4,6,-1,16,2,2,-3,0,16,2,16213,15036,179,865,31,27,0,4,3,2,0,1,35,35,0,0,9,9,0,0,9,7,2,0,2,1,0,1,1,0,0,1,1,1,0,0,1,1,0,0,9,7,0,2,4,4,0,0,8,8,0,0,pre-covid
Taylor Fedun,D,EDM,2013-14,675000,25,64300000,0.010498,Standard (2-way),R,0,0,0,0,-1,4,-0.030000000000000027,0.050000000000000044,0.14,0,-4,-1,-3,-2,0,-1,-2,-1,1,0,0,2930,2486,307,0,6,6,0,0,2,2,0,0,1,1,0,0,1,1,0,0,1,1,0,0,0,0,0,0,0,0,0,0,0,0,0,0,0,0,0,0,3,2,0,0,0,0,0,0,0,0,0,0,pre-covid
Taylor Hall,F,EDM,2013-14,6000000,22,64300000,0.093313,Standard (1-way),L,7,10,0,1,-15,75,0.11000000000000004,0,0.14,0.05999999999999994,81,16,10,5,-97,-5,-16,-6,0,147,21,90019,69870,1538,12972,250,166,2,51,27,16,0,6,54,46,0,4,76,64,1,6,100,76,2,15,22,13,0,6,9,5,0,3,37,21,2,2,44,25,4,2,41,35,0,1,53,37,1,10,8,10,4,-4,pre-covid
Teuvo Teravainen,F,CHI,2013-14,925000,19,64300000,0.014386,Entry_Level,L,0,0,0,0,0,3,0.020000000000000018,-0.04999999999999993,0,-0.14,2,1,-2,0,-1,0,-2,0,0,3,1,2537,2239,0,298,4,4,0,0,0,0,0,0,1,0,0,1,4,4,0,0,1,1,0,0,0,0,0,0,0,0,0,0,13,12,0,1,12,12,0,0,0,0,0,0,0,0,0,0,0,0,0,0,pre-covid
Thomas Hickey,D,NYI,2013-14,675000,24,64300000,0.010498,Standard (1-way),L,0,1,0,1,5,82,-0.040000000000000036,0.020000000000000018,0.010000000000000009,-0.050000000000000044,-59,-15,1,-7,36,2,8,3,-19,10,1,92836,79287,9066,1276,96,85,4,2,4,3,0,0,72,59,10,0,34,29,5,0,57,48,4,0,3,3,0,0,1,1,0,0,0,0,0,0,0,0,0,0,132,99,1,6,18,15,1,1,-18,-16,0,0,pre-covid
Tom Wilson,F,WSH,2013-14,894167,19,64300000,0.013906,Entry_Level,R,1,0,0,0,1,82,-0.02999999999999997,-0.02999999999999997,-0.17,-0.17999999999999994,-65,2,-3,-1,-69,1,-4,-1,0,2,1,39057,38422,24,446,63,62,0,1,3,2,0,1,197,196,0,0,17,17,0,0,10,10,0,0,4,4,0,0,0,0,0,0,0,0,0,0,3,3,0,0,13,13,0,0,7,7,0,0,-17,-15,0,0,pre-covid
Tomas Hertl,F,S.J,2013-14,925000,20,64300000,0.014386,Entry_Level,L,3,1,0,0,8,37,0.06999999999999995,0.040000000000000036,-0.07,-0.050000000000000044,127,16,8,1,56,10,4,0,0,64,5,34029,28831,12,4477,98,74,0,17,15,10,0,3,39,37,0,1,18,18,0,0,18,14,0,3,10,7,0,2,5,3,0,1,29,13,0,15,22,10,0,0,13,13,0,0,10,10,0,0,14,12,0,0,pre-covid
Tomas Tatar,F,DET,2013-14,630000,23,64300000,0.009798,Entry_Level,L,2,4,0,0,9,73,0.14,0.06000000000000005,0,0,227,26,17,5,81,18,-2,0,0,132,9,62856,51597,0,9412,158,119,0,27,19,16,0,1,81,74,0,4,41,38,0,2,19,10,0,7,19,13,0,2,6,4,0,1,26,8,0,16,26,9,0,0,20,19,0,0,20,15,0,4,10,10,0,-4,pre-covid
Torey Krug,D,BOS,2013-14,916667,22,64300000,0.014256,Entry_Level,L,7,17,0,0,16,79,0.10999999999999999,0.020000000000000018,0.08000000000000002,0.010000000000000009,277,40,32,8,109,15,3,-3,-3,158,22,82997,68174,1142,11340,183,114,1,55,14,6,0,6,50,48,1,1,24,20,0,3,35,27,0,7,5,0,0,3,2,0,0,1,1,1,0,0,1,1,0,0,77,70,2,2,26,13,0,12,-2,-4,6,-2,pre-covid
Travis Hamonic,D,NYI,2013-14,3857143,23,64300000,0.059987,Standard (1-way),R,2,1,0,0,2,69,-0.040000000000000036,0.010000000000000009,-0.04999999999999999,-0.030000000000000027,-95,-18,3,-10,6,0,21,0,-24,57,6,103568,82990,11940,4958,134,101,4,21,3,1,0,2,93,79,6,3,40,29,7,1,51,39,8,1,2,0,0,2,0,0,0,0,0,0,0,0,0,0,0,0,132,95,2,18,15,12,0,1,-21,-25,0,0,pre-covid
Trevor Lewis,F,L.A,2013-14,1325000,26,64300000,0.020607,Standard (1-way),R,0,0,1,0,-7,73,-0.12,-0.04999999999999993,0.030000000000000013,-0.07000000000000006,-72,-17,-19,-15,19,-5,-4,-5,-15,8,1,58031,47496,8112,1274,111,97,9,2,6,5,1,0,145,138,6,0,14,11,3,0,18,14,3,0,11,9,1,0,2,2,0,0,127,107,13,2,135,115,5,6,36,25,0,4,5,3,0,0,34,32,-2,2,pre-covid
Tyler Bozak,F,TOR,2013-14,4200000,27,64300000,0.065319,Standard (1-way),R,5,3,1,0,2,58,0.04999999999999999,0,0.01999999999999999,0.05999999999999994,-30,13,-4,13,-96,8,-14,5,-4,117,9,72897,56494,3846,9115,90,59,4,19,19,11,1,4,62,54,0,2,49,40,7,1,24,20,0,4,17,7,2,4,9,3,1,2,681,482,47,104,718,501,81,73,42,33,2,6,30,26,0,3,6,4,2,0,pre-covid
Tyler Ennis,F,BUF,2013-14,2812500,24,64300000,0.04374,Standard (1-way),L,6,10,0,0,-25,80,0.12,0.010000000000000009,0.19,-0.020000000000000018,78,0,15,15,-126,-17,1,6,0,158,19,90490,71739,178,14334,210,152,1,45,21,15,0,6,89,81,0,5,38,34,0,1,26,18,0,7,24,11,0,11,10,5,0,5,242,198,2,23,383,325,3,3,53,49,0,0,22,12,0,9,0,6,0,-4,pre-covid
Tyler Johnson,F,T.B,2013-14,756667,23,64300000,0.011768,Entry_Level,R,5,5,5,1,21,82,0,0,0.04000000000000001,-0.030000000000000027,1,25,9,11,24,18,0,6,-8,100,15,92420,67549,9535,11879,181,137,13,19,24,13,5,5,55,47,3,3,23,19,3,0,41,33,4,4,25,12,3,7,11,4,3,3,614,443,80,54,661,464,56,90,37,27,0,9,26,19,1,5,20,16,2,2,pre-covid
Tyler Myers,D,BUF,2013-14,5500000,23,64300000,0.085537,Standard (1-way),R,3,6,0,0,-26,62,0.010000000000000009,0.020000000000000018,-0.05,0.020000000000000018,-180,-25,0,-2,-117,-22,1,-1,-12,97,10,81463,61117,8698,8549,99,61,0,25,9,4,0,2,107,80,19,1,18,15,1,1,41,29,6,4,8,2,0,4,4,0,0,2,0,0,0,0,0,0,0,0,81,59,0,14,13,6,0,5,-22,-18,-6,0,pre-covid
Tyler Pitlick,F,EDM,2013-14,888333,22,64300000,0.013815,Entry_Level,R,0,0,0,0,-2,10,-0.020000000000000018,-0.030000000000000027,0.36,0.29000000000000004,-15,-2,-4,-1,-17,-2,-5,-1,0,2,0,5383,5338,30,11,9,9,0,0,1,1,0,0,26,26,0,0,2,2,0,0,1,1,0,0,0,0,0,0,0,0,0,0,1,1,0,0,2,2,0,0,4,4,0,0,0,0,0,0,2,2,0,0,pre-covid
Tyler Seguin,F,DAL,2013-14,5750000,21,64300000,0.089425,Standard (1-way),R,11,15,0,0,17,80,0.13,0.020000000000000018,0.04000000000000001,0.020000000000000018,348,50,31,18,80,25,0,5,0,237,28,92869,70543,311,17001,294,190,0,79,37,24,0,10,48,47,0,1,67,59,0,2,60,31,0,19,27,12,0,6,10,3,0,5,281,257,1,8,396,364,0,2,24,23,0,0,47,29,0,13,46,40,0,0,pre-covid
Tyler Toffoli,F,L.A,2013-14,716667,21,64300000,0.011146,Entry_Level,R,1,5,0,0,27,62,0.10999999999999999,0.039999999999999925,0.17,0.040000000000000036,155,30,15,7,87,18,6,0,0,62,9,48129,41189,308,5721,124,102,1,15,12,9,0,1,57,56,0,1,23,18,0,5,25,23,0,2,10,6,1,2,3,1,0,1,2,1,0,1,7,6,0,0,8,6,0,0,17,14,0,3,8,8,0,-2,pre-covid
Tyson Barrie,D,COL,2013-14,715000,22,64300000,0.01112,Entry_Level,R,4,6,0,0,20,64,0.12000000000000005,0.04999999999999999,-0.01999999999999999,-0.08000000000000007,112,37,16,13,-4,13,0,-1,-1,87,16,71201,57981,344,10027,101,66,0,22,13,5,0,2,50,47,0,1,26,23,0,1,27,20,1,4,9,2,0,4,5,0,0,2,0,0,0,0,0,0,0,0,57,55,0,0,25,14,0,5,-2,-4,2,-4,pre-covid
Valeri Nichushkin,F,DAL,2013-14,925000,18,64300000,0.014386,Entry_Level,L,2,1,0,0,21,79,0.030000000000000027,0.010000000000000009,-0.19,-0.040000000000000036,100,25,-3,-1,28,20,-7,-3,0,62,4,70955,63343,58,6023,128,111,0,12,14,12,0,2,86,85,0,1,25,21,0,1,59,53,0,5,14,10,0,3,4,2,0,2,0,0,0,0,1,0,0,1,27,27,0,0,20,17,0,1,34,34,0,0,pre-covid
Victor Hedman,D,T.B,2013-14,4000000,23,64300000,0.062208,Standard (1-way),L,3,13,0,6,3,75,0.040000000000000036,0.050000000000000044,0.009999999999999995,-0.020000000000000018,69,6,-13,-6,83,8,-5,1,-17,106,19,100969,76499,9484,10594,170,125,4,28,13,8,0,2,86,77,4,0,34,24,7,0,44,32,2,8,4,1,0,2,2,0,0,1,0,0,0,0,0,0,0,0,101,76,6,12,42,24,6,11,-30,-30,0,0,pre-covid
Vincent Trocheck,F,FLA,2013-14,661667,20,64300000,0.01029,Entry_Level,R,1,0,1,0,-11,20,0.030000000000000027,0.040000000000000036,-0.07,-0.020000000000000018,-9,-15,-2,-4,0,-10,-3,-3,-7,32,2,22664,16506,2563,2959,38,26,3,8,5,2,1,1,39,37,0,0,13,7,6,0,8,6,0,2,7,1,2,3,3,0,1,1,166,117,26,18,182,129,7,36,11,9,0,1,3,3,0,0,4,4,0,0,pre-covid
Vladimir Tarasenko,F,STL,2013-14,900000,22,64300000,0.013997,Entry_Level,L,7,2,0,0,21,64,0.09999999999999998,0.06999999999999995,-0.06999999999999999,0.020000000000000018,142,31,8,7,87,22,2,2,-1,72,10,58266,48540,1871,6290,136,107,1,22,21,13,0,5,22,20,0,1,32,29,1,0,20,15,0,3,18,9,0,6,7,1,0,4,2,1,0,0,4,3,0,1,9,8,0,0,22,19,0,2,28,28,0,-2,pre-covid
Vladislav Namestnikov,F,T.B,2013-14,925000,21,64300000,0.014386,Entry_Level,L,0,0,0,0,-1,4,0.07999999999999996,0.06,0,0,3,-1,2,-1,4,0,3,0,0,0,0,2273,2237,0,0,4,4,0,0,0,0,0,0,3,3,0,0,1,1,0,0,1,1,0,0,1,1,0,0,0,0,0,0,12,10,0,0,14,14,0,0,1,1,0,0,0,0,0,0,-4,-4,0,0,pre-covid
Wayne Simmonds,F,PHI,2013-14,3975000,25,64300000,0.06182,Standard (1-way),R,18,9,0,0,-6,82,0.09999999999999998,-0.020000000000000018,-0.14,-0.040000000000000036,176,40,67,26,-97,1,12,1,0,236,34,82510,62786,144,15689,209,140,0,56,29,10,0,14,132,119,0,6,36,32,0,1,27,22,0,5,36,8,0,21,16,1,0,11,1,0,0,1,1,1,0,0,35,32,0,0,31,19,0,9,-14,-2,0,-10,pre-covid
Xavier Ouellet,D,DET,2013-14,670000,20,64300000,0.01042,Entry_Level,L,0,0,0,0,-1,4,0.07999999999999996,0.16000000000000003,0,-0.93,2,0,1,0,7,0,2,0,0,0,0,3497,3236,240,21,4,4,0,0,0,0,0,0,7,7,0,0,0,0,0,0,1,1,0,0,0,0,0,0,0,0,0,0,0,0,0,0,0,0,0,0,1,1,0,0,0,0,0,0,-2,-2,0,0,pre-covid
Zac Dalpe,F,VAN,2013-14,550000,24,64300000,0.008554,Standard (1-way),R,1,0,0,0,-7,55,-0.04999999999999999,-0.06,-0.2,0.040000000000000036,-52,-4,0,3,-62,-7,-2,1,0,10,3,23529,22474,61,752,52,49,0,1,4,3,0,1,36,36,0,0,4,4,0,0,2,2,0,0,5,4,0,1,2,1,0,1,106,97,0,8,125,118,1,0,9,9,0,0,3,3,0,0,4,4,0,0,pre-covid
Zac Rinaldo,F,PHI,2013-14,750000,23,64300000,0.011664,Standard (1-way),L,0,0,0,0,-15,67,-0.08000000000000002,-0.04999999999999999,-0.10999999999999999,-0.86,-84,-17,-14,-6,-57,-13,-7,-4,-4,0,0,30944,28751,1776,177,54,52,1,0,2,2,0,0,231,229,2,0,8,8,0,0,4,3,1,0,2,2,0,0,1,1,0,0,2,2,0,0,1,1,0,0,12,11,0,1,2,2,0,0,-29,-25,-2,0,pre-covid
Zach Bogosian,D,WPG,2013-14,5142857,23,64300000,0.079982,Standard (1-way),R,0,1,0,0,3,55,-0.020000000000000018,-0.010000000000000009,0.06999999999999998,0.030000000000000027,-40,-2,-5,1,-22,2,9,5,-8,55,2,75601,60312,7166,5160,134,93,6,21,3,3,0,0,94,78,8,1,17,7,6,1,47,30,13,3,0,0,0,0,0,0,0,0,0,0,0,0,0,0,0,0,75,51,1,10,8,6,0,1,-23,-25,0,2,pre-covid
Zach Parise,F,MIN,2013-14,7538462,29,64300000,0.117239,Standard (1-way),L,16,7,1,1,7,67,0.14999999999999997,0.09000000000000002,0.039999999999999994,0,264,27,43,16,130,12,14,3,-8,167,23,82071,61072,4026,12452,245,152,9,67,29,11,1,14,70,62,2,2,46,37,5,2,18,13,1,3,37,17,2,15,15,4,0,9,10,10,0,0,14,11,1,1,45,37,0,5,27,18,0,6,6,4,0,4,pre-covid
Zack Kassian,F,VAN,2013-14,870000,22,64300000,0.01353,Entry_Level,R,1,0,0,0,-4,73,0,-0.010000000000000009,-0.17,-0.16000000000000003,27,-3,3,-8,14,3,3,-4,0,17,0,56629,53041,9,2744,91,87,0,2,14,13,0,1,91,91,0,0,19,19,0,0,25,23,0,2,6,5,0,1,2,1,0,1,6,6,0,0,15,11,0,0,6,6,0,0,15,15,0,0,-13,-11,0,0,pre-covid
Zdeno Chara,D,BOS,2013-14,6916667,36,64300000,0.107569,Standard (1-way),L,12,6,0,1,29,77,0.010000000000000009,0.020000000000000018,-0.020000000000000018,-0.010000000000000009,128,25,35,15,134,18,17,4,-24,143,23,113899,84685,13792,10446,168,117,4,32,17,7,0,10,163,132,22,5,20,16,2,1,62,44,9,5,19,2,0,15,9,2,0,7,0,0,0,0,0,0,0,0,104,65,0,27,23,13,1,5,-16,-18,-8,6,pre-covid
Zemgus Girgensons,F,BUF,2013-14,894167,19,64300000,0.013906,Entry_Level,L,0,0,1,1,-6,70,-0.030000000000000027,0.020000000000000018,0.06999999999999999,-0.040000000000000036,-145,-17,-11,-5,-56,-9,2,2,-10,13,0,64327,53950,7309,1506,115,99,9,3,8,7,1,0,161,154,2,2,25,22,3,0,15,14,0,1,10,9,0,0,1,1,0,0,100,73,16,5,140,94,3,16,43,32,0,7,14,12,1,0,22,20,0,2,pre-covid
